
delete billentity_base from billentity_base inner join bill_base on billentity_base.iBillId=bill_base.id where bill_base.cBillNo='ucf_cus_quotation_card'  and bill_base.tenant_id='0' ;
delete billtemplate_base from billtemplate_base inner join bill_base on billtemplate_base.iBillId=bill_base.id where bill_base.cBillNo='ucf_cus_quotation_card'  and bill_base.tenant_id='0' ;
delete billtplgroup_base from billtplgroup_base inner join bill_base on billtplgroup_base.iBillId=bill_base.id where bill_base.cBillNo='ucf_cus_quotation_card'  and bill_base.tenant_id='0' ;
delete billitem_base from billitem_base inner JOIN bill_base on billitem_base.iBillId=bill_base.id where bill_base.cBillNo='ucf_cus_quotation_card'  and bill_base.tenant_id='0' ;
delete from pub_makebillrule_detail where makebill_id in (select makebill_id from pub_makebillrule where iBillId in (select id from bill_base where cBillNo='ucf_cus_quotation_card' and tenant_id='0' ));
delete from pub_makebillrule where iBillId in (select id from bill_base where cBillNo='ucf_cus_quotation_card' and tenant_id='0' );
delete from bill_base where cBillNo='ucf_cus_quotation_card' and tenant_id='0' ;

select ifnull(max(id),0)+1 into @id4 from bill_base;
insert into bill_base(`id`,`cBillNo`,`cName`,`cCardKey`,`cSubId`,`iDefTplId`,`iDefPrnTplId`,`iOrder`,`isSupportBpm`,`bAllowMultiTpl`,`cDefWhere`,`isDeleted`,`bPrintLimited`,`iSystem`,`cAuthId`,`cBillType`,`cBeanId`,`cFilterId`,`bRowAuthControl`,`bColumnAuthControl`,`bRowAuthObject`,`bColumnAuthControlled`,`bRowAuthControlled`,`cPersonDataSource`,`cCarry`,`authGroupKey`,`tenant_id`) values (@id4,'ucf_cus_quotation_card','客户报价单-卡片',null,'ucf',null,null,'10',1,1,null,0,1,1,null,'Voucher',null,null,1,0,0,0,0,null,null,null,'0');

select ifnull(max(id),0)+1 into @id10 from billentity_base;
insert into billentity_base(`id`,`iBillId`,`cCode`,`cName`,`cSubId`,`iOrder`,`isDeleted`,`cDataSourceName`,`cPrimaryKey`,`iSystem`,`bMain`,`cForeignKey`,`cParentCode`,`childrenField`,`cModelType`,`bIsNull`,`tenant_id`) values (@id10,@id4,'CusQuotation','客户报价单','ucf','10',0,'express.customer.CusQuotation','id',1,1,null,null,null,null,0,'0');
set @id11=@id10+1;
insert into billentity_base(`id`,`iBillId`,`cCode`,`cName`,`cSubId`,`iOrder`,`isDeleted`,`cDataSourceName`,`cPrimaryKey`,`iSystem`,`bMain`,`cForeignKey`,`cParentCode`,`childrenField`,`cModelType`,`bIsNull`,`tenant_id`) values (@id11,@id4,'CusQuotationMateriel','报价单物料','ucf','11',0,'express.customer.CusQuotationMateriel','id',1,0,'cusQuotationId','CusQuotation','CusQuotationMateriel',null,null,'0');

select ifnull(max(id),0)+1 into @id16 from billtemplate_base;
insert into billtemplate_base(`id`,`iBillId`,`cName`,`iOrder`,`iTplMode`,`iWidth`,`isDeleted`,`cPrintSetting`,`cPageHeader`,`cPageFooter`,`cTitleHeight`,`iPrintTotal`,`iFixedCols`,`cMemo`,`cTitle`,`iGridStyle`,`cRowLayout`,`cTitleStyle`,`cTotalColor`,`cAmongColor`,`cFixedColor`,`templateType`,`tenant_id`) values (@id16,@id4,'客户报价单-卡片','10',0,'10000',0,null,null,null,null,null,null,null,'客户报价单卡片',null,null,null,null,null,null,'BodyRefer','0');

select ifnull(max(id),0)+1 into @id22 from billtplgroup_base;
insert into billtplgroup_base(`id`,`iBillId`,`iBillEntityId`,`iTplId`,`cCode`,`cName`,`cSubId`,`iOrder`,`cDataSourceName`,`cPrimaryKey`,`isDeleted`,`iSystem`,`bMain`,`cForeignKey`,`cParentDataSource`,`cType`,`iParentID`,`cAlign`,`iCols`,`cStyle`,`cImage`,`tenant_id`) values (@id22,@id4,@id10,@id16,'card_div','报价单编辑','ucf',0,'express.customer.CusQuotation','id',0,1,1,null,null,'view',null,'top',null,null,null,'0');
set @id23=@id22+1;
insert into billtplgroup_base(`id`,`iBillId`,`iBillEntityId`,`iTplId`,`cCode`,`cName`,`cSubId`,`iOrder`,`cDataSourceName`,`cPrimaryKey`,`isDeleted`,`iSystem`,`bMain`,`cForeignKey`,`cParentDataSource`,`cType`,`iParentID`,`cAlign`,`iCols`,`cStyle`,`cImage`,`tenant_id`) values (@id23,@id4,@id10,@id16,'card_toolbar','表头按钮区','ucf',3,'express.customer.CusQuotation','id',0,1,1,null,null,'div',@id22,'right',null,null,null,'0');
set @id24=@id23+1;
insert into billtplgroup_base(`id`,`iBillId`,`iBillEntityId`,`iTplId`,`cCode`,`cName`,`cSubId`,`iOrder`,`cDataSourceName`,`cPrimaryKey`,`isDeleted`,`iSystem`,`bMain`,`cForeignKey`,`cParentDataSource`,`cType`,`iParentID`,`cAlign`,`iCols`,`cStyle`,`cImage`,`tenant_id`) values (@id24,@id4,@id10,@id16,'card_title','客户报价单','ucf',1,'express.customer.CusQuotation','id',0,1,1,null,null,'title',@id22,'top',null,null,null,'0');
set @id25=@id24+1;
insert into billtplgroup_base(`id`,`iBillId`,`iBillEntityId`,`iTplId`,`cCode`,`cName`,`cSubId`,`iOrder`,`cDataSourceName`,`cPrimaryKey`,`isDeleted`,`iSystem`,`bMain`,`cForeignKey`,`cParentDataSource`,`cType`,`iParentID`,`cAlign`,`iCols`,`cStyle`,`cImage`,`tenant_id`) values (@id25,@id4,@id10,@id16,'card_data','主表信息区','ucf',4,'express.customer.CusQuotation','id',0,1,1,null,null,'div',@id22,'center',3,null,null,'0');
set @id26=@id25+1;
insert into billtplgroup_base(`id`,`iBillId`,`iBillEntityId`,`iTplId`,`cCode`,`cName`,`cSubId`,`iOrder`,`cDataSourceName`,`cPrimaryKey`,`isDeleted`,`iSystem`,`bMain`,`cForeignKey`,`cParentDataSource`,`cType`,`iParentID`,`cAlign`,`iCols`,`cStyle`,`cImage`,`tenant_id`) values (@id26,@id4,@id11,@id16,'card_body_page','子表页签','ucf','22','express.customer.CusQuotationMateriel','id',0,1,0,null,null,'LineTabs',@id22,'top',null,null,null,'0');
set @id27=@id26+1;
insert into billtplgroup_base(`id`,`iBillId`,`iBillEntityId`,`iTplId`,`cCode`,`cName`,`cSubId`,`iOrder`,`cDataSourceName`,`cPrimaryKey`,`isDeleted`,`iSystem`,`bMain`,`cForeignKey`,`cParentDataSource`,`cType`,`iParentID`,`cAlign`,`iCols`,`cStyle`,`cImage`,`tenant_id`) values (@id27,@id4,@id11,@id16,'card_body_page_child1','客户报检单明细','ucf','23','express.customer.CusQuotationMateriel','id',0,1,0,null,null,'group',@id26,'center',null,null,null,'0');
set @id28=@id27+1;
insert into billtplgroup_base(`id`,`iBillId`,`iBillEntityId`,`iTplId`,`cCode`,`cName`,`cSubId`,`iOrder`,`cDataSourceName`,`cPrimaryKey`,`isDeleted`,`iSystem`,`bMain`,`cForeignKey`,`cParentDataSource`,`cType`,`iParentID`,`cAlign`,`iCols`,`cStyle`,`cImage`,`tenant_id`) values (@id28,@id4,@id11,@id16,'card_body_page_child1_buttons','子表1按扭区','ucf','24','express.customer.CusQuotationMateriel','id',0,1,0,null,null,'Toolbar',@id27,'right',null,null,null,'0');
set @id29=@id28+1;
insert into billtplgroup_base(`id`,`iBillId`,`iBillEntityId`,`iTplId`,`cCode`,`cName`,`cSubId`,`iOrder`,`cDataSourceName`,`cPrimaryKey`,`isDeleted`,`iSystem`,`bMain`,`cForeignKey`,`cParentDataSource`,`cType`,`iParentID`,`cAlign`,`iCols`,`cStyle`,`cImage`,`tenant_id`) values (@id29,@id4,@id11,@id16,'card_body_page_child2_data','子表1数据区','ucf','25','express.customer.CusQuotationMateriel','id',0,1,0,null,null,'Table',@id27,'center',5,null,null,'0');
set @id30=@id29+1;
insert into billtplgroup_base(`id`,`iBillId`,`iBillEntityId`,`iTplId`,`cCode`,`cName`,`cSubId`,`iOrder`,`cDataSourceName`,`cPrimaryKey`,`isDeleted`,`iSystem`,`bMain`,`cForeignKey`,`cParentDataSource`,`cType`,`iParentID`,`cAlign`,`iCols`,`cStyle`,`cImage`,`tenant_id`) values (@id30,@id4,@id10,@id16,'card_foot','footer','ucf',4,'express.customer.CusQuotation','id',0,1,1,null,null,'Footer',@id22,'bottom',null,null,null,'0');

select ifnull(max(id),0)+1 into @id36 from billitem_base;
insert into billitem_base(`id`,`iBillId`,`iBillEntityId`,`iTplId`,`iBillTplGroupId`,`cSubId`,`cFieldName`,`cName`,`cCaption`,`cShowCaption`,`iOrder`,`iMaxLength`,`iFieldType`,`bEnum`,`cEnumString`,`isDeleted`,`bMustSelect`,`bHidden`,`cRefType`,`cRefId`,`cRefRetID`,`cDataRule`,`iFunctionType`,`bSplit`,`bExtend`,`iNumPoint`,`bCanModify`,`cSourceType`,`iMaxShowLen`,`cMemo`,`iColWidth`,`cSumType`,`iAlign`,`bNeedSum`,`bShowIt`,`bFixed`,`bFilter`,`cDefaultValue`,`cFormatData`,`cUserId`,`iTabIndex`,`bIsNull`,`bPrintCaption`,`bJointQuery`,`bPrintUpCase`,`bSelfDefine`,`cDataSourceName`,`cOrder`,`bCheck`,`cControlType`,`cEnumType`,`refReturn`,`bShowInRowAuth`,`iRowAuthBillId`,`cStyle`,`bRowAuthControlled`,`cSelfDefineType`,`bVmExclude`,`bRowAuthDim`,`tenant_id`) values (@id36,@id4,@id10,@id16,@id25,'ucf','id','id','ID','ID',1,null,1,null,null,0,1,1,null,null,null,null,null,0,0,null,1,null,null,null,1,null,null,null,0,null,null,null,null,null,null,1,null,null,null,0,'express.customer.CusQuotation',null,null,'Input',null,null,0,null,null,0,null,0,0,'0');
set @id37=@id36+1;
insert into billitem_base(`id`,`iBillId`,`iBillEntityId`,`iTplId`,`iBillTplGroupId`,`cSubId`,`cFieldName`,`cName`,`cCaption`,`cShowCaption`,`iOrder`,`iMaxLength`,`iFieldType`,`bEnum`,`cEnumString`,`isDeleted`,`bMustSelect`,`bHidden`,`cRefType`,`cRefId`,`cRefRetID`,`cDataRule`,`iFunctionType`,`bSplit`,`bExtend`,`iNumPoint`,`bCanModify`,`cSourceType`,`iMaxShowLen`,`cMemo`,`iColWidth`,`cSumType`,`iAlign`,`bNeedSum`,`bShowIt`,`bFixed`,`bFilter`,`cDefaultValue`,`cFormatData`,`cUserId`,`iTabIndex`,`bIsNull`,`bPrintCaption`,`bJointQuery`,`bPrintUpCase`,`bSelfDefine`,`cDataSourceName`,`cOrder`,`bCheck`,`cControlType`,`cEnumType`,`refReturn`,`bShowInRowAuth`,`iRowAuthBillId`,`cStyle`,`bRowAuthControlled`,`cSelfDefineType`,`bVmExclude`,`bRowAuthDim`,`tenant_id`) values (@id37,@id4,@id10,@id16,@id25,'ucf','pubts','pubts','时间戳','时间戳',2,null,1,null,null,0,1,1,null,null,null,null,null,0,0,null,0,null,null,null,1,null,null,null,0,null,null,null,null,null,null,1,null,null,null,0,'express.customer.CusQuotation',null,null,'Input',null,null,0,null,null,0,null,0,0,'0');
set @id38=@id37+1;
insert into billitem_base(`id`,`iBillId`,`iBillEntityId`,`iTplId`,`iBillTplGroupId`,`cSubId`,`cFieldName`,`cName`,`cCaption`,`cShowCaption`,`iOrder`,`iMaxLength`,`iFieldType`,`bEnum`,`cEnumString`,`isDeleted`,`bMustSelect`,`bHidden`,`cRefType`,`cRefId`,`cRefRetID`,`cDataRule`,`iFunctionType`,`bSplit`,`bExtend`,`iNumPoint`,`bCanModify`,`cSourceType`,`iMaxShowLen`,`cMemo`,`iColWidth`,`cSumType`,`iAlign`,`bNeedSum`,`bShowIt`,`bFixed`,`bFilter`,`cDefaultValue`,`cFormatData`,`cUserId`,`iTabIndex`,`bIsNull`,`bPrintCaption`,`bJointQuery`,`bPrintUpCase`,`bSelfDefine`,`cDataSourceName`,`cOrder`,`bCheck`,`cControlType`,`cEnumType`,`refReturn`,`bShowInRowAuth`,`iRowAuthBillId`,`cStyle`,`bRowAuthControlled`,`cSelfDefineType`,`bVmExclude`,`bRowAuthDim`,`tenant_id`) values (@id38,@id4,@id10,@id16,@id25,'ucf','quotationNum','quotationNum','报价单号','报价单号',3,null,1,null,null,0,1,0,null,null,null,null,null,0,0,null,0,null,null,null,1,null,null,null,1,null,null,null,null,null,null,1,null,null,null,0,'express.customer.CusQuotation',null,null,'Input',null,null,0,null,null,0,null,0,0,'0');
set @id39=@id38+1;
insert into billitem_base(`id`,`iBillId`,`iBillEntityId`,`iTplId`,`iBillTplGroupId`,`cSubId`,`cFieldName`,`cName`,`cCaption`,`cShowCaption`,`iOrder`,`iMaxLength`,`iFieldType`,`bEnum`,`cEnumString`,`isDeleted`,`bMustSelect`,`bHidden`,`cRefType`,`cRefId`,`cRefRetID`,`cDataRule`,`iFunctionType`,`bSplit`,`bExtend`,`iNumPoint`,`bCanModify`,`cSourceType`,`iMaxShowLen`,`cMemo`,`iColWidth`,`cSumType`,`iAlign`,`bNeedSum`,`bShowIt`,`bFixed`,`bFilter`,`cDefaultValue`,`cFormatData`,`cUserId`,`iTabIndex`,`bIsNull`,`bPrintCaption`,`bJointQuery`,`bPrintUpCase`,`bSelfDefine`,`cDataSourceName`,`cOrder`,`bCheck`,`cControlType`,`cEnumType`,`refReturn`,`bShowInRowAuth`,`iRowAuthBillId`,`cStyle`,`bRowAuthControlled`,`cSelfDefineType`,`bVmExclude`,`bRowAuthDim`,`tenant_id`) values (@id39,@id4,@id10,@id16,@id25,'ucf','customerId','customerId','客户档案ID','客户档案ID',4,null,1,null,null,0,0,1,null,null,null,null,null,0,0,null,1,null,null,null,1,null,null,null,0,null,null,null,null,null,null,0,null,null,null,0,'express.customer.CusQuotation',null,null,'Input',null,null,0,null,null,0,null,0,0,'0');
set @id40=@id39+1;
insert into billitem_base(`id`,`iBillId`,`iBillEntityId`,`iTplId`,`iBillTplGroupId`,`cSubId`,`cFieldName`,`cName`,`cCaption`,`cShowCaption`,`iOrder`,`iMaxLength`,`iFieldType`,`bEnum`,`cEnumString`,`isDeleted`,`bMustSelect`,`bHidden`,`cRefType`,`cRefId`,`cRefRetID`,`cDataRule`,`iFunctionType`,`bSplit`,`bExtend`,`iNumPoint`,`bCanModify`,`cSourceType`,`iMaxShowLen`,`cMemo`,`iColWidth`,`cSumType`,`iAlign`,`bNeedSum`,`bShowIt`,`bFixed`,`bFilter`,`cDefaultValue`,`cFormatData`,`cUserId`,`iTabIndex`,`bIsNull`,`bPrintCaption`,`bJointQuery`,`bPrintUpCase`,`bSelfDefine`,`cDataSourceName`,`cOrder`,`bCheck`,`cControlType`,`cEnumType`,`refReturn`,`bShowInRowAuth`,`iRowAuthBillId`,`cStyle`,`bRowAuthControlled`,`cSelfDefineType`,`bVmExclude`,`bRowAuthDim`,`tenant_id`) values (@id40,@id4,@id10,@id16,@id25,'ucf','customerId.name','customerId_name','客户名称','客户名称',5,null,1,null,null,0,0,0,'productcenter.aa_merchantref',null,'{"customerId":"id"}',null,null,0,0,null,1,null,null,null,1,null,null,null,1,null,null,null,null,null,null,0,null,null,null,0,'express.customer.CusQuotation',null,null,'Refer',null,'name',0,null,null,0,null,0,0,'0');
set @id41=@id40+1;
insert into billitem_base(`id`,`iBillId`,`iBillEntityId`,`iTplId`,`iBillTplGroupId`,`cSubId`,`cFieldName`,`cName`,`cCaption`,`cShowCaption`,`iOrder`,`iMaxLength`,`iFieldType`,`bEnum`,`cEnumString`,`isDeleted`,`bMustSelect`,`bHidden`,`cRefType`,`cRefId`,`cRefRetID`,`cDataRule`,`iFunctionType`,`bSplit`,`bExtend`,`iNumPoint`,`bCanModify`,`cSourceType`,`iMaxShowLen`,`cMemo`,`iColWidth`,`cSumType`,`iAlign`,`bNeedSum`,`bShowIt`,`bFixed`,`bFilter`,`cDefaultValue`,`cFormatData`,`cUserId`,`iTabIndex`,`bIsNull`,`bPrintCaption`,`bJointQuery`,`bPrintUpCase`,`bSelfDefine`,`cDataSourceName`,`cOrder`,`bCheck`,`cControlType`,`cEnumType`,`refReturn`,`bShowInRowAuth`,`iRowAuthBillId`,`cStyle`,`bRowAuthControlled`,`cSelfDefineType`,`bVmExclude`,`bRowAuthDim`,`tenant_id`) values (@id41,@id4,@id10,@id16,@id25,'ucf','billDate','billDate','单据日期','单据日期',6,null,1,null,null,0,0,0,null,null,null,null,null,0,0,null,1,null,null,null,1,null,null,null,1,null,null,null,null,null,null,0,null,null,null,0,'express.customer.CusQuotation',null,null,'DatePicker',null,null,0,null,null,0,null,0,0,'0');
set @id42=@id41+1;
insert into billitem_base(`id`,`iBillId`,`iBillEntityId`,`iTplId`,`iBillTplGroupId`,`cSubId`,`cFieldName`,`cName`,`cCaption`,`cShowCaption`,`iOrder`,`iMaxLength`,`iFieldType`,`bEnum`,`cEnumString`,`isDeleted`,`bMustSelect`,`bHidden`,`cRefType`,`cRefId`,`cRefRetID`,`cDataRule`,`iFunctionType`,`bSplit`,`bExtend`,`iNumPoint`,`bCanModify`,`cSourceType`,`iMaxShowLen`,`cMemo`,`iColWidth`,`cSumType`,`iAlign`,`bNeedSum`,`bShowIt`,`bFixed`,`bFilter`,`cDefaultValue`,`cFormatData`,`cUserId`,`iTabIndex`,`bIsNull`,`bPrintCaption`,`bJointQuery`,`bPrintUpCase`,`bSelfDefine`,`cDataSourceName`,`cOrder`,`bCheck`,`cControlType`,`cEnumType`,`refReturn`,`bShowInRowAuth`,`iRowAuthBillId`,`cStyle`,`bRowAuthControlled`,`cSelfDefineType`,`bVmExclude`,`bRowAuthDim`,`tenant_id`) values (@id42,@id4,@id10,@id16,@id25,'ucf','transactionType','transactionType','交易类型ID','交易类型ID',7,null,1,null,null,0,0,1,null,null,null,null,null,0,0,null,1,null,null,null,1,null,null,null,1,null,null,null,null,null,null,0,null,null,null,0,'express.customer.CusQuotation',null,null,'Input',null,null,0,null,null,0,null,0,0,'0');
set @id43=@id42+1;
insert into billitem_base(`id`,`iBillId`,`iBillEntityId`,`iTplId`,`iBillTplGroupId`,`cSubId`,`cFieldName`,`cName`,`cCaption`,`cShowCaption`,`iOrder`,`iMaxLength`,`iFieldType`,`bEnum`,`cEnumString`,`isDeleted`,`bMustSelect`,`bHidden`,`cRefType`,`cRefId`,`cRefRetID`,`cDataRule`,`iFunctionType`,`bSplit`,`bExtend`,`iNumPoint`,`bCanModify`,`cSourceType`,`iMaxShowLen`,`cMemo`,`iColWidth`,`cSumType`,`iAlign`,`bNeedSum`,`bShowIt`,`bFixed`,`bFilter`,`cDefaultValue`,`cFormatData`,`cUserId`,`iTabIndex`,`bIsNull`,`bPrintCaption`,`bJointQuery`,`bPrintUpCase`,`bSelfDefine`,`cDataSourceName`,`cOrder`,`bCheck`,`cControlType`,`cEnumType`,`refReturn`,`bShowInRowAuth`,`iRowAuthBillId`,`cStyle`,`bRowAuthControlled`,`cSelfDefineType`,`bVmExclude`,`bRowAuthDim`,`tenant_id`) values (@id43,@id4,@id10,@id16,@id25,'ucf','transactionType.name','transactionType_name','交易类型','交易类型',8,null,1,null,null,0,0,0,'ucfbasedoc.bd_billtyperef',null,'{"transactionType":"id"}',null,null,0,0,null,1,null,null,null,1,null,null,null,1,null,null,null,null,null,null,0,null,null,null,0,'express.customer.CusQuotation',null,null,'Refer',null,'name',0,null,null,0,null,0,0,'0');
set @id44=@id43+1;
insert into billitem_base(`id`,`iBillId`,`iBillEntityId`,`iTplId`,`iBillTplGroupId`,`cSubId`,`cFieldName`,`cName`,`cCaption`,`cShowCaption`,`iOrder`,`iMaxLength`,`iFieldType`,`bEnum`,`cEnumString`,`isDeleted`,`bMustSelect`,`bHidden`,`cRefType`,`cRefId`,`cRefRetID`,`cDataRule`,`iFunctionType`,`bSplit`,`bExtend`,`iNumPoint`,`bCanModify`,`cSourceType`,`iMaxShowLen`,`cMemo`,`iColWidth`,`cSumType`,`iAlign`,`bNeedSum`,`bShowIt`,`bFixed`,`bFilter`,`cDefaultValue`,`cFormatData`,`cUserId`,`iTabIndex`,`bIsNull`,`bPrintCaption`,`bJointQuery`,`bPrintUpCase`,`bSelfDefine`,`cDataSourceName`,`cOrder`,`bCheck`,`cControlType`,`cEnumType`,`refReturn`,`bShowInRowAuth`,`iRowAuthBillId`,`cStyle`,`bRowAuthControlled`,`cSelfDefineType`,`bVmExclude`,`bRowAuthDim`,`tenant_id`) values (@id44,@id4,@id10,@id16,@id25,'ucf','cusContacts','cusContacts','客户联系人','客户联系人',9,null,1,null,null,0,0,0,null,null,null,null,null,0,0,null,1,null,null,null,1,null,null,null,1,null,null,null,null,null,null,0,null,null,null,0,'express.customer.CusQuotation',null,null,'Input',null,null,0,null,null,0,null,0,0,'0');
set @id45=@id44+1;
insert into billitem_base(`id`,`iBillId`,`iBillEntityId`,`iTplId`,`iBillTplGroupId`,`cSubId`,`cFieldName`,`cName`,`cCaption`,`cShowCaption`,`iOrder`,`iMaxLength`,`iFieldType`,`bEnum`,`cEnumString`,`isDeleted`,`bMustSelect`,`bHidden`,`cRefType`,`cRefId`,`cRefRetID`,`cDataRule`,`iFunctionType`,`bSplit`,`bExtend`,`iNumPoint`,`bCanModify`,`cSourceType`,`iMaxShowLen`,`cMemo`,`iColWidth`,`cSumType`,`iAlign`,`bNeedSum`,`bShowIt`,`bFixed`,`bFilter`,`cDefaultValue`,`cFormatData`,`cUserId`,`iTabIndex`,`bIsNull`,`bPrintCaption`,`bJointQuery`,`bPrintUpCase`,`bSelfDefine`,`cDataSourceName`,`cOrder`,`bCheck`,`cControlType`,`cEnumType`,`refReturn`,`bShowInRowAuth`,`iRowAuthBillId`,`cStyle`,`bRowAuthControlled`,`cSelfDefineType`,`bVmExclude`,`bRowAuthDim`,`tenant_id`) values (@id45,@id4,@id10,@id16,@id25,'ucf','cusContactsMobil','cusContactsMobil','客户联系方式-手机','客户联系方式-手机','10',null,1,null,null,0,0,0,null,null,null,null,null,0,0,null,1,null,null,null,1,null,null,null,1,null,null,null,null,null,null,0,null,null,null,0,'express.customer.CusQuotation',null,null,'Input',null,null,0,null,'{"placeholder":"138-8888-8888"}',0,null,0,0,'0');
set @id46=@id45+1;
insert into billitem_base(`id`,`iBillId`,`iBillEntityId`,`iTplId`,`iBillTplGroupId`,`cSubId`,`cFieldName`,`cName`,`cCaption`,`cShowCaption`,`iOrder`,`iMaxLength`,`iFieldType`,`bEnum`,`cEnumString`,`isDeleted`,`bMustSelect`,`bHidden`,`cRefType`,`cRefId`,`cRefRetID`,`cDataRule`,`iFunctionType`,`bSplit`,`bExtend`,`iNumPoint`,`bCanModify`,`cSourceType`,`iMaxShowLen`,`cMemo`,`iColWidth`,`cSumType`,`iAlign`,`bNeedSum`,`bShowIt`,`bFixed`,`bFilter`,`cDefaultValue`,`cFormatData`,`cUserId`,`iTabIndex`,`bIsNull`,`bPrintCaption`,`bJointQuery`,`bPrintUpCase`,`bSelfDefine`,`cDataSourceName`,`cOrder`,`bCheck`,`cControlType`,`cEnumType`,`refReturn`,`bShowInRowAuth`,`iRowAuthBillId`,`cStyle`,`bRowAuthControlled`,`cSelfDefineType`,`bVmExclude`,`bRowAuthDim`,`tenant_id`) values (@id46,@id4,@id10,@id16,@id25,'ucf','cusContactsTel','cusContactsTel','客户联系方式-固定电话','客户联系方式-固定电话','11',null,1,null,null,0,0,0,null,null,null,null,null,0,0,null,1,null,null,null,1,null,null,null,1,null,null,null,null,null,null,1,null,null,null,0,'express.customer.CusQuotation',null,null,'Input',null,null,0,null,'{"placeholder":"010-888-88888"}',0,null,0,0,'0');
set @id47=@id46+1;
insert into billitem_base(`id`,`iBillId`,`iBillEntityId`,`iTplId`,`iBillTplGroupId`,`cSubId`,`cFieldName`,`cName`,`cCaption`,`cShowCaption`,`iOrder`,`iMaxLength`,`iFieldType`,`bEnum`,`cEnumString`,`isDeleted`,`bMustSelect`,`bHidden`,`cRefType`,`cRefId`,`cRefRetID`,`cDataRule`,`iFunctionType`,`bSplit`,`bExtend`,`iNumPoint`,`bCanModify`,`cSourceType`,`iMaxShowLen`,`cMemo`,`iColWidth`,`cSumType`,`iAlign`,`bNeedSum`,`bShowIt`,`bFixed`,`bFilter`,`cDefaultValue`,`cFormatData`,`cUserId`,`iTabIndex`,`bIsNull`,`bPrintCaption`,`bJointQuery`,`bPrintUpCase`,`bSelfDefine`,`cDataSourceName`,`cOrder`,`bCheck`,`cControlType`,`cEnumType`,`refReturn`,`bShowInRowAuth`,`iRowAuthBillId`,`cStyle`,`bRowAuthControlled`,`cSelfDefineType`,`bVmExclude`,`bRowAuthDim`,`tenant_id`) values (@id47,@id4,@id10,@id16,@id25,'ucf','salesman','salesman','销售业务员ID','销售业务员','12',null,1,null,null,0,0,1,null,null,null,null,null,0,0,null,1,null,null,null,1,null,null,null,0,null,null,null,null,null,null,0,null,null,null,0,'express.customer.CusQuotation',null,null,'Input',null,null,0,null,null,0,null,0,0,'0');
set @id48=@id47+1;
insert into billitem_base(`id`,`iBillId`,`iBillEntityId`,`iTplId`,`iBillTplGroupId`,`cSubId`,`cFieldName`,`cName`,`cCaption`,`cShowCaption`,`iOrder`,`iMaxLength`,`iFieldType`,`bEnum`,`cEnumString`,`isDeleted`,`bMustSelect`,`bHidden`,`cRefType`,`cRefId`,`cRefRetID`,`cDataRule`,`iFunctionType`,`bSplit`,`bExtend`,`iNumPoint`,`bCanModify`,`cSourceType`,`iMaxShowLen`,`cMemo`,`iColWidth`,`cSumType`,`iAlign`,`bNeedSum`,`bShowIt`,`bFixed`,`bFilter`,`cDefaultValue`,`cFormatData`,`cUserId`,`iTabIndex`,`bIsNull`,`bPrintCaption`,`bJointQuery`,`bPrintUpCase`,`bSelfDefine`,`cDataSourceName`,`cOrder`,`bCheck`,`cControlType`,`cEnumType`,`refReturn`,`bShowInRowAuth`,`iRowAuthBillId`,`cStyle`,`bRowAuthControlled`,`cSelfDefineType`,`bVmExclude`,`bRowAuthDim`,`tenant_id`) values (@id48,@id4,@id10,@id16,@id25,'ucf','salesman.name','salesman_name','销售业务员','销售业务员','13',null,1,null,null,0,0,0,'ucf-staff-center.bd_staff_ref',null,'{"salesman":"id"}',null,null,0,0,null,1,null,null,null,1,null,null,null,1,null,null,null,null,null,null,0,null,null,null,0,'express.customer.CusQuotation',null,null,'Refer',null,'name',0,null,null,0,null,0,0,'0');
set @id49=@id48+1;
insert into billitem_base(`id`,`iBillId`,`iBillEntityId`,`iTplId`,`iBillTplGroupId`,`cSubId`,`cFieldName`,`cName`,`cCaption`,`cShowCaption`,`iOrder`,`iMaxLength`,`iFieldType`,`bEnum`,`cEnumString`,`isDeleted`,`bMustSelect`,`bHidden`,`cRefType`,`cRefId`,`cRefRetID`,`cDataRule`,`iFunctionType`,`bSplit`,`bExtend`,`iNumPoint`,`bCanModify`,`cSourceType`,`iMaxShowLen`,`cMemo`,`iColWidth`,`cSumType`,`iAlign`,`bNeedSum`,`bShowIt`,`bFixed`,`bFilter`,`cDefaultValue`,`cFormatData`,`cUserId`,`iTabIndex`,`bIsNull`,`bPrintCaption`,`bJointQuery`,`bPrintUpCase`,`bSelfDefine`,`cDataSourceName`,`cOrder`,`bCheck`,`cControlType`,`cEnumType`,`refReturn`,`bShowInRowAuth`,`iRowAuthBillId`,`cStyle`,`bRowAuthControlled`,`cSelfDefineType`,`bVmExclude`,`bRowAuthDim`,`tenant_id`) values (@id49,@id4,@id10,@id16,@id25,'ucf','transCurrency','transCurrency','交易币种ID','交易币种ID','14',null,1,null,null,0,0,1,null,null,null,null,null,0,0,null,0,null,null,null,1,null,null,null,1,null,null,null,null,null,null,0,null,null,null,0,'express.customer.CusQuotation',null,null,'Input',null,null,0,null,null,0,null,0,0,'0');
set @id50=@id49+1;
insert into billitem_base(`id`,`iBillId`,`iBillEntityId`,`iTplId`,`iBillTplGroupId`,`cSubId`,`cFieldName`,`cName`,`cCaption`,`cShowCaption`,`iOrder`,`iMaxLength`,`iFieldType`,`bEnum`,`cEnumString`,`isDeleted`,`bMustSelect`,`bHidden`,`cRefType`,`cRefId`,`cRefRetID`,`cDataRule`,`iFunctionType`,`bSplit`,`bExtend`,`iNumPoint`,`bCanModify`,`cSourceType`,`iMaxShowLen`,`cMemo`,`iColWidth`,`cSumType`,`iAlign`,`bNeedSum`,`bShowIt`,`bFixed`,`bFilter`,`cDefaultValue`,`cFormatData`,`cUserId`,`iTabIndex`,`bIsNull`,`bPrintCaption`,`bJointQuery`,`bPrintUpCase`,`bSelfDefine`,`cDataSourceName`,`cOrder`,`bCheck`,`cControlType`,`cEnumType`,`refReturn`,`bShowInRowAuth`,`iRowAuthBillId`,`cStyle`,`bRowAuthControlled`,`cSelfDefineType`,`bVmExclude`,`bRowAuthDim`,`tenant_id`) values (@id50,@id4,@id10,@id16,@id25,'ucf','transCurrency.name','transCurrency_name','交易币种','交易币种','15',null,1,null,null,0,0,0,'ucfbasedoc.bd_currencytenantref',null,'{"transCurrency":"id"}',null,null,0,0,null,1,null,null,null,1,null,null,null,1,null,null,null,null,null,null,0,null,null,null,0,'express.customer.CusQuotation',null,null,'Refer',null,'name',0,null,null,0,null,0,0,'0');
set @id51=@id50+1;
insert into billitem_base(`id`,`iBillId`,`iBillEntityId`,`iTplId`,`iBillTplGroupId`,`cSubId`,`cFieldName`,`cName`,`cCaption`,`cShowCaption`,`iOrder`,`iMaxLength`,`iFieldType`,`bEnum`,`cEnumString`,`isDeleted`,`bMustSelect`,`bHidden`,`cRefType`,`cRefId`,`cRefRetID`,`cDataRule`,`iFunctionType`,`bSplit`,`bExtend`,`iNumPoint`,`bCanModify`,`cSourceType`,`iMaxShowLen`,`cMemo`,`iColWidth`,`cSumType`,`iAlign`,`bNeedSum`,`bShowIt`,`bFixed`,`bFilter`,`cDefaultValue`,`cFormatData`,`cUserId`,`iTabIndex`,`bIsNull`,`bPrintCaption`,`bJointQuery`,`bPrintUpCase`,`bSelfDefine`,`cDataSourceName`,`cOrder`,`bCheck`,`cControlType`,`cEnumType`,`refReturn`,`bShowInRowAuth`,`iRowAuthBillId`,`cStyle`,`bRowAuthControlled`,`cSelfDefineType`,`bVmExclude`,`bRowAuthDim`,`tenant_id`) values (@id51,@id4,@id10,@id16,@id25,'ucf','localCurrency','localCurrency','本币ID','本币ID','16',null,1,null,null,0,0,1,null,null,null,null,null,0,0,null,1,null,null,null,1,null,null,null,1,null,null,null,null,null,null,1,null,null,null,0,'express.customer.CusQuotation',null,null,'Input',null,null,0,null,null,0,null,0,0,'0');
set @id52=@id51+1;
insert into billitem_base(`id`,`iBillId`,`iBillEntityId`,`iTplId`,`iBillTplGroupId`,`cSubId`,`cFieldName`,`cName`,`cCaption`,`cShowCaption`,`iOrder`,`iMaxLength`,`iFieldType`,`bEnum`,`cEnumString`,`isDeleted`,`bMustSelect`,`bHidden`,`cRefType`,`cRefId`,`cRefRetID`,`cDataRule`,`iFunctionType`,`bSplit`,`bExtend`,`iNumPoint`,`bCanModify`,`cSourceType`,`iMaxShowLen`,`cMemo`,`iColWidth`,`cSumType`,`iAlign`,`bNeedSum`,`bShowIt`,`bFixed`,`bFilter`,`cDefaultValue`,`cFormatData`,`cUserId`,`iTabIndex`,`bIsNull`,`bPrintCaption`,`bJointQuery`,`bPrintUpCase`,`bSelfDefine`,`cDataSourceName`,`cOrder`,`bCheck`,`cControlType`,`cEnumType`,`refReturn`,`bShowInRowAuth`,`iRowAuthBillId`,`cStyle`,`bRowAuthControlled`,`cSelfDefineType`,`bVmExclude`,`bRowAuthDim`,`tenant_id`) values (@id52,@id4,@id10,@id16,@id25,'ucf','localCurrency.name','localCurrency_name','本币','本币','17',null,1,null,null,0,0,0,'ucfbasedoc.bd_currencytenantref',null,'{"localCurrency":"id"}',null,null,0,0,null,1,null,null,null,1,null,null,null,1,null,null,null,null,null,null,1,null,null,null,0,'express.customer.CusQuotation',null,null,'Refer',null,'name',0,null,null,0,null,0,0,'0');
set @id53=@id52+1;
insert into billitem_base(`id`,`iBillId`,`iBillEntityId`,`iTplId`,`iBillTplGroupId`,`cSubId`,`cFieldName`,`cName`,`cCaption`,`cShowCaption`,`iOrder`,`iMaxLength`,`iFieldType`,`bEnum`,`cEnumString`,`isDeleted`,`bMustSelect`,`bHidden`,`cRefType`,`cRefId`,`cRefRetID`,`cDataRule`,`iFunctionType`,`bSplit`,`bExtend`,`iNumPoint`,`bCanModify`,`cSourceType`,`iMaxShowLen`,`cMemo`,`iColWidth`,`cSumType`,`iAlign`,`bNeedSum`,`bShowIt`,`bFixed`,`bFilter`,`cDefaultValue`,`cFormatData`,`cUserId`,`iTabIndex`,`bIsNull`,`bPrintCaption`,`bJointQuery`,`bPrintUpCase`,`bSelfDefine`,`cDataSourceName`,`cOrder`,`bCheck`,`cControlType`,`cEnumType`,`refReturn`,`bShowInRowAuth`,`iRowAuthBillId`,`cStyle`,`bRowAuthControlled`,`cSelfDefineType`,`bVmExclude`,`bRowAuthDim`,`tenant_id`) values (@id53,@id4,@id10,@id16,@id25,'ucf','exchangeRate','exchangeRate','汇率ID','汇率','18',null,1,null,null,0,0,0,null,null,null,null,null,0,0,null,1,null,null,null,1,null,null,null,1,null,null,null,null,null,null,1,null,null,null,0,'express.customer.CusQuotation',null,null,'Input',null,null,0,null,null,0,null,0,0,'0');
set @id54=@id53+1;
insert into billitem_base(`id`,`iBillId`,`iBillEntityId`,`iTplId`,`iBillTplGroupId`,`cSubId`,`cFieldName`,`cName`,`cCaption`,`cShowCaption`,`iOrder`,`iMaxLength`,`iFieldType`,`bEnum`,`cEnumString`,`isDeleted`,`bMustSelect`,`bHidden`,`cRefType`,`cRefId`,`cRefRetID`,`cDataRule`,`iFunctionType`,`bSplit`,`bExtend`,`iNumPoint`,`bCanModify`,`cSourceType`,`iMaxShowLen`,`cMemo`,`iColWidth`,`cSumType`,`iAlign`,`bNeedSum`,`bShowIt`,`bFixed`,`bFilter`,`cDefaultValue`,`cFormatData`,`cUserId`,`iTabIndex`,`bIsNull`,`bPrintCaption`,`bJointQuery`,`bPrintUpCase`,`bSelfDefine`,`cDataSourceName`,`cOrder`,`bCheck`,`cControlType`,`cEnumType`,`refReturn`,`bShowInRowAuth`,`iRowAuthBillId`,`cStyle`,`bRowAuthControlled`,`cSelfDefineType`,`bVmExclude`,`bRowAuthDim`,`tenant_id`) values (@id54,@id4,@id10,@id16,@id25,'ucf','taxFreeAmount','taxFreeAmount','无税金额','无税金额','20',null,1,null,null,0,0,0,null,null,null,null,null,0,0,null,0,null,null,null,1,null,null,null,1,null,null,null,null,null,null,0,null,null,null,0,'express.customer.CusQuotation',null,null,'Input',null,null,0,null,null,0,null,0,0,'0');
set @id55=@id54+1;
insert into billitem_base(`id`,`iBillId`,`iBillEntityId`,`iTplId`,`iBillTplGroupId`,`cSubId`,`cFieldName`,`cName`,`cCaption`,`cShowCaption`,`iOrder`,`iMaxLength`,`iFieldType`,`bEnum`,`cEnumString`,`isDeleted`,`bMustSelect`,`bHidden`,`cRefType`,`cRefId`,`cRefRetID`,`cDataRule`,`iFunctionType`,`bSplit`,`bExtend`,`iNumPoint`,`bCanModify`,`cSourceType`,`iMaxShowLen`,`cMemo`,`iColWidth`,`cSumType`,`iAlign`,`bNeedSum`,`bShowIt`,`bFixed`,`bFilter`,`cDefaultValue`,`cFormatData`,`cUserId`,`iTabIndex`,`bIsNull`,`bPrintCaption`,`bJointQuery`,`bPrintUpCase`,`bSelfDefine`,`cDataSourceName`,`cOrder`,`bCheck`,`cControlType`,`cEnumType`,`refReturn`,`bShowInRowAuth`,`iRowAuthBillId`,`cStyle`,`bRowAuthControlled`,`cSelfDefineType`,`bVmExclude`,`bRowAuthDim`,`tenant_id`) values (@id55,@id4,@id10,@id16,@id25,'ucf','taxAmount','taxAmount','税额','税额','21',null,1,null,null,0,0,0,null,null,null,null,null,0,0,null,0,null,null,null,1,null,null,null,1,null,null,null,null,null,null,0,null,null,null,0,'express.customer.CusQuotation',null,null,'Input',null,null,0,null,null,0,null,0,0,'0');
set @id56=@id55+1;
insert into billitem_base(`id`,`iBillId`,`iBillEntityId`,`iTplId`,`iBillTplGroupId`,`cSubId`,`cFieldName`,`cName`,`cCaption`,`cShowCaption`,`iOrder`,`iMaxLength`,`iFieldType`,`bEnum`,`cEnumString`,`isDeleted`,`bMustSelect`,`bHidden`,`cRefType`,`cRefId`,`cRefRetID`,`cDataRule`,`iFunctionType`,`bSplit`,`bExtend`,`iNumPoint`,`bCanModify`,`cSourceType`,`iMaxShowLen`,`cMemo`,`iColWidth`,`cSumType`,`iAlign`,`bNeedSum`,`bShowIt`,`bFixed`,`bFilter`,`cDefaultValue`,`cFormatData`,`cUserId`,`iTabIndex`,`bIsNull`,`bPrintCaption`,`bJointQuery`,`bPrintUpCase`,`bSelfDefine`,`cDataSourceName`,`cOrder`,`bCheck`,`cControlType`,`cEnumType`,`refReturn`,`bShowInRowAuth`,`iRowAuthBillId`,`cStyle`,`bRowAuthControlled`,`cSelfDefineType`,`bVmExclude`,`bRowAuthDim`,`tenant_id`) values (@id56,@id4,@id10,@id16,@id25,'ucf','valueTaxTotal','valueTaxTotal','税价合计','税价合计','22',null,1,null,null,0,0,0,null,null,null,null,null,0,0,null,0,null,null,null,1,null,null,null,1,null,null,null,null,null,null,0,null,null,null,0,'express.customer.CusQuotation',null,null,'Input',null,null,0,null,null,0,null,0,0,'0');
set @id57=@id56+1;
insert into billitem_base(`id`,`iBillId`,`iBillEntityId`,`iTplId`,`iBillTplGroupId`,`cSubId`,`cFieldName`,`cName`,`cCaption`,`cShowCaption`,`iOrder`,`iMaxLength`,`iFieldType`,`bEnum`,`cEnumString`,`isDeleted`,`bMustSelect`,`bHidden`,`cRefType`,`cRefId`,`cRefRetID`,`cDataRule`,`iFunctionType`,`bSplit`,`bExtend`,`iNumPoint`,`bCanModify`,`cSourceType`,`iMaxShowLen`,`cMemo`,`iColWidth`,`cSumType`,`iAlign`,`bNeedSum`,`bShowIt`,`bFixed`,`bFilter`,`cDefaultValue`,`cFormatData`,`cUserId`,`iTabIndex`,`bIsNull`,`bPrintCaption`,`bJointQuery`,`bPrintUpCase`,`bSelfDefine`,`cDataSourceName`,`cOrder`,`bCheck`,`cControlType`,`cEnumType`,`refReturn`,`bShowInRowAuth`,`iRowAuthBillId`,`cStyle`,`bRowAuthControlled`,`cSelfDefineType`,`bVmExclude`,`bRowAuthDim`,`tenant_id`) values (@id57,@id4,@id10,@id16,@id25,'ucf','taxFreeInLocal','taxFreeInLocal','本币无税金额','本币无税金额','23',null,1,null,null,0,0,0,null,null,null,null,null,0,0,null,0,null,null,null,1,null,null,null,1,null,null,null,null,null,null,0,null,null,null,0,'express.customer.CusQuotation',null,null,'Input',null,null,0,null,null,0,null,0,0,'0');
set @id58=@id57+1;
insert into billitem_base(`id`,`iBillId`,`iBillEntityId`,`iTplId`,`iBillTplGroupId`,`cSubId`,`cFieldName`,`cName`,`cCaption`,`cShowCaption`,`iOrder`,`iMaxLength`,`iFieldType`,`bEnum`,`cEnumString`,`isDeleted`,`bMustSelect`,`bHidden`,`cRefType`,`cRefId`,`cRefRetID`,`cDataRule`,`iFunctionType`,`bSplit`,`bExtend`,`iNumPoint`,`bCanModify`,`cSourceType`,`iMaxShowLen`,`cMemo`,`iColWidth`,`cSumType`,`iAlign`,`bNeedSum`,`bShowIt`,`bFixed`,`bFilter`,`cDefaultValue`,`cFormatData`,`cUserId`,`iTabIndex`,`bIsNull`,`bPrintCaption`,`bJointQuery`,`bPrintUpCase`,`bSelfDefine`,`cDataSourceName`,`cOrder`,`bCheck`,`cControlType`,`cEnumType`,`refReturn`,`bShowInRowAuth`,`iRowAuthBillId`,`cStyle`,`bRowAuthControlled`,`cSelfDefineType`,`bVmExclude`,`bRowAuthDim`,`tenant_id`) values (@id58,@id4,@id10,@id16,@id25,'ucf','taxInLocal','taxInLocal','本币税额','本币税额','24',null,1,null,null,0,0,0,null,null,null,null,null,0,0,null,0,null,null,null,1,null,null,null,1,null,null,null,null,null,null,0,null,null,null,0,'express.customer.CusQuotation',null,null,'Input',null,null,0,null,null,0,null,0,0,'0');
set @id59=@id58+1;
insert into billitem_base(`id`,`iBillId`,`iBillEntityId`,`iTplId`,`iBillTplGroupId`,`cSubId`,`cFieldName`,`cName`,`cCaption`,`cShowCaption`,`iOrder`,`iMaxLength`,`iFieldType`,`bEnum`,`cEnumString`,`isDeleted`,`bMustSelect`,`bHidden`,`cRefType`,`cRefId`,`cRefRetID`,`cDataRule`,`iFunctionType`,`bSplit`,`bExtend`,`iNumPoint`,`bCanModify`,`cSourceType`,`iMaxShowLen`,`cMemo`,`iColWidth`,`cSumType`,`iAlign`,`bNeedSum`,`bShowIt`,`bFixed`,`bFilter`,`cDefaultValue`,`cFormatData`,`cUserId`,`iTabIndex`,`bIsNull`,`bPrintCaption`,`bJointQuery`,`bPrintUpCase`,`bSelfDefine`,`cDataSourceName`,`cOrder`,`bCheck`,`cControlType`,`cEnumType`,`refReturn`,`bShowInRowAuth`,`iRowAuthBillId`,`cStyle`,`bRowAuthControlled`,`cSelfDefineType`,`bVmExclude`,`bRowAuthDim`,`tenant_id`) values (@id59,@id4,@id10,@id16,@id25,'ucf','valueTaxInLocal','valueTaxInLocal','本币价税合计','本币价税合计','25',null,1,null,null,0,0,0,null,null,null,null,null,0,0,null,0,null,null,null,1,null,null,1,1,null,null,null,null,null,null,0,null,null,null,0,'express.customer.CusQuotation',null,null,'Input',null,null,0,null,null,0,null,0,0,'0');
set @id60=@id59+1;
insert into billitem_base(`id`,`iBillId`,`iBillEntityId`,`iTplId`,`iBillTplGroupId`,`cSubId`,`cFieldName`,`cName`,`cCaption`,`cShowCaption`,`iOrder`,`iMaxLength`,`iFieldType`,`bEnum`,`cEnumString`,`isDeleted`,`bMustSelect`,`bHidden`,`cRefType`,`cRefId`,`cRefRetID`,`cDataRule`,`iFunctionType`,`bSplit`,`bExtend`,`iNumPoint`,`bCanModify`,`cSourceType`,`iMaxShowLen`,`cMemo`,`iColWidth`,`cSumType`,`iAlign`,`bNeedSum`,`bShowIt`,`bFixed`,`bFilter`,`cDefaultValue`,`cFormatData`,`cUserId`,`iTabIndex`,`bIsNull`,`bPrintCaption`,`bJointQuery`,`bPrintUpCase`,`bSelfDefine`,`cDataSourceName`,`cOrder`,`bCheck`,`cControlType`,`cEnumType`,`refReturn`,`bShowInRowAuth`,`iRowAuthBillId`,`cStyle`,`bRowAuthControlled`,`cSelfDefineType`,`bVmExclude`,`bRowAuthDim`,`tenant_id`) values (@id60,@id4,@id10,@id16,@id25,'ucf','inquiryOrg','inquiryOrg','销售组织ID','销售组织','26',null,1,null,null,0,0,1,null,null,null,null,null,0,0,null,1,null,null,null,1,null,null,null,0,null,null,null,null,null,null,0,null,null,null,0,'express.customer.CusQuotation',null,null,'Input',null,null,0,null,null,0,null,0,0,'0');
set @id61=@id60+1;
insert into billitem_base(`id`,`iBillId`,`iBillEntityId`,`iTplId`,`iBillTplGroupId`,`cSubId`,`cFieldName`,`cName`,`cCaption`,`cShowCaption`,`iOrder`,`iMaxLength`,`iFieldType`,`bEnum`,`cEnumString`,`isDeleted`,`bMustSelect`,`bHidden`,`cRefType`,`cRefId`,`cRefRetID`,`cDataRule`,`iFunctionType`,`bSplit`,`bExtend`,`iNumPoint`,`bCanModify`,`cSourceType`,`iMaxShowLen`,`cMemo`,`iColWidth`,`cSumType`,`iAlign`,`bNeedSum`,`bShowIt`,`bFixed`,`bFilter`,`cDefaultValue`,`cFormatData`,`cUserId`,`iTabIndex`,`bIsNull`,`bPrintCaption`,`bJointQuery`,`bPrintUpCase`,`bSelfDefine`,`cDataSourceName`,`cOrder`,`bCheck`,`cControlType`,`cEnumType`,`refReturn`,`bShowInRowAuth`,`iRowAuthBillId`,`cStyle`,`bRowAuthControlled`,`cSelfDefineType`,`bVmExclude`,`bRowAuthDim`,`tenant_id`) values (@id61,@id4,@id10,@id16,@id25,'ucf','inquiryOrg.name','inquiryOrg_name','销售组织','销售组织','27',null,1,null,null,0,0,0,'ucf-org-center.bd_salesorg',null,'{"inquiryOrg":"id"}',null,null,0,0,null,1,null,null,null,1,null,null,null,1,null,null,null,null,null,null,0,null,null,null,0,'express.customer.CusQuotation',null,null,'Refer',null,'name',0,null,null,0,null,0,0,'0');
set @id62=@id61+1;
insert into billitem_base(`id`,`iBillId`,`iBillEntityId`,`iTplId`,`iBillTplGroupId`,`cSubId`,`cFieldName`,`cName`,`cCaption`,`cShowCaption`,`iOrder`,`iMaxLength`,`iFieldType`,`bEnum`,`cEnumString`,`isDeleted`,`bMustSelect`,`bHidden`,`cRefType`,`cRefId`,`cRefRetID`,`cDataRule`,`iFunctionType`,`bSplit`,`bExtend`,`iNumPoint`,`bCanModify`,`cSourceType`,`iMaxShowLen`,`cMemo`,`iColWidth`,`cSumType`,`iAlign`,`bNeedSum`,`bShowIt`,`bFixed`,`bFilter`,`cDefaultValue`,`cFormatData`,`cUserId`,`iTabIndex`,`bIsNull`,`bPrintCaption`,`bJointQuery`,`bPrintUpCase`,`bSelfDefine`,`cDataSourceName`,`cOrder`,`bCheck`,`cControlType`,`cEnumType`,`refReturn`,`bShowInRowAuth`,`iRowAuthBillId`,`cStyle`,`bRowAuthControlled`,`cSelfDefineType`,`bVmExclude`,`bRowAuthDim`,`tenant_id`) values (@id62,@id4,@id10,@id16,@id25,'ucf','inquiryDept','inquiryDept','销售部门ID','销售部门','28',null,1,null,null,0,0,1,null,null,null,null,null,0,0,null,1,null,null,null,1,null,null,null,0,null,null,null,null,null,null,0,null,null,null,0,'express.customer.CusQuotation',null,null,'Input',null,null,0,null,null,0,null,0,0,'0');
set @id63=@id62+1;
insert into billitem_base(`id`,`iBillId`,`iBillEntityId`,`iTplId`,`iBillTplGroupId`,`cSubId`,`cFieldName`,`cName`,`cCaption`,`cShowCaption`,`iOrder`,`iMaxLength`,`iFieldType`,`bEnum`,`cEnumString`,`isDeleted`,`bMustSelect`,`bHidden`,`cRefType`,`cRefId`,`cRefRetID`,`cDataRule`,`iFunctionType`,`bSplit`,`bExtend`,`iNumPoint`,`bCanModify`,`cSourceType`,`iMaxShowLen`,`cMemo`,`iColWidth`,`cSumType`,`iAlign`,`bNeedSum`,`bShowIt`,`bFixed`,`bFilter`,`cDefaultValue`,`cFormatData`,`cUserId`,`iTabIndex`,`bIsNull`,`bPrintCaption`,`bJointQuery`,`bPrintUpCase`,`bSelfDefine`,`cDataSourceName`,`cOrder`,`bCheck`,`cControlType`,`cEnumType`,`refReturn`,`bShowInRowAuth`,`iRowAuthBillId`,`cStyle`,`bRowAuthControlled`,`cSelfDefineType`,`bVmExclude`,`bRowAuthDim`,`tenant_id`) values (@id63,@id4,@id10,@id16,@id25,'ucf','inquiryDept.name','inquiryDept_name','销售部门','销售部门','29',null,1,null,null,0,0,0,'ucf-org-center.bd_admindepttreeref',null,'{"inquiryDept":"id"}',null,null,0,0,null,1,null,null,null,1,null,null,null,1,null,null,null,null,null,null,0,null,null,null,0,'express.customer.CusQuotation',null,null,'Refer',null,'name',0,null,null,0,null,0,0,'0');
set @id64=@id63+1;
insert into billitem_base(`id`,`iBillId`,`iBillEntityId`,`iTplId`,`iBillTplGroupId`,`cSubId`,`cFieldName`,`cName`,`cCaption`,`cShowCaption`,`iOrder`,`iMaxLength`,`iFieldType`,`bEnum`,`cEnumString`,`isDeleted`,`bMustSelect`,`bHidden`,`cRefType`,`cRefId`,`cRefRetID`,`cDataRule`,`iFunctionType`,`bSplit`,`bExtend`,`iNumPoint`,`bCanModify`,`cSourceType`,`iMaxShowLen`,`cMemo`,`iColWidth`,`cSumType`,`iAlign`,`bNeedSum`,`bShowIt`,`bFixed`,`bFilter`,`cDefaultValue`,`cFormatData`,`cUserId`,`iTabIndex`,`bIsNull`,`bPrintCaption`,`bJointQuery`,`bPrintUpCase`,`bSelfDefine`,`cDataSourceName`,`cOrder`,`bCheck`,`cControlType`,`cEnumType`,`refReturn`,`bShowInRowAuth`,`iRowAuthBillId`,`cStyle`,`bRowAuthControlled`,`cSelfDefineType`,`bVmExclude`,`bRowAuthDim`,`tenant_id`) values (@id64,@id4,@id10,@id16,@id25,'ucf','customerVIP','customerVIP','客户VIP属性','客户VIP属性','30',null,1,1,null,0,0,0,null,null,null,null,null,0,0,null,1,null,null,null,1,null,null,null,1,null,null,0,null,null,null,0,null,null,null,0,'express.customer.CusQuotation',null,null,'Select','aa_booleanInt',null,0,null,null,0,null,0,0,'0');
set @id65=@id64+1;
insert into billitem_base(`id`,`iBillId`,`iBillEntityId`,`iTplId`,`iBillTplGroupId`,`cSubId`,`cFieldName`,`cName`,`cCaption`,`cShowCaption`,`iOrder`,`iMaxLength`,`iFieldType`,`bEnum`,`cEnumString`,`isDeleted`,`bMustSelect`,`bHidden`,`cRefType`,`cRefId`,`cRefRetID`,`cDataRule`,`iFunctionType`,`bSplit`,`bExtend`,`iNumPoint`,`bCanModify`,`cSourceType`,`iMaxShowLen`,`cMemo`,`iColWidth`,`cSumType`,`iAlign`,`bNeedSum`,`bShowIt`,`bFixed`,`bFilter`,`cDefaultValue`,`cFormatData`,`cUserId`,`iTabIndex`,`bIsNull`,`bPrintCaption`,`bJointQuery`,`bPrintUpCase`,`bSelfDefine`,`cDataSourceName`,`cOrder`,`bCheck`,`cControlType`,`cEnumType`,`refReturn`,`bShowInRowAuth`,`iRowAuthBillId`,`cStyle`,`bRowAuthControlled`,`cSelfDefineType`,`bVmExclude`,`bRowAuthDim`,`tenant_id`) values (@id65,@id4,@id10,@id16,@id25,'ucf','memo','memo','备注','备注','31',null,1,null,null,0,0,0,null,null,null,null,null,0,0,null,1,null,null,null,1,null,null,null,1,null,null,null,null,null,null,1,null,null,null,0,'express.customer.CusQuotation',null,null,'Input',null,null,0,null,null,0,null,0,0,'0');
set @id66=@id65+1;
insert into billitem_base(`id`,`iBillId`,`iBillEntityId`,`iTplId`,`iBillTplGroupId`,`cSubId`,`cFieldName`,`cName`,`cCaption`,`cShowCaption`,`iOrder`,`iMaxLength`,`iFieldType`,`bEnum`,`cEnumString`,`isDeleted`,`bMustSelect`,`bHidden`,`cRefType`,`cRefId`,`cRefRetID`,`cDataRule`,`iFunctionType`,`bSplit`,`bExtend`,`iNumPoint`,`bCanModify`,`cSourceType`,`iMaxShowLen`,`cMemo`,`iColWidth`,`cSumType`,`iAlign`,`bNeedSum`,`bShowIt`,`bFixed`,`bFilter`,`cDefaultValue`,`cFormatData`,`cUserId`,`iTabIndex`,`bIsNull`,`bPrintCaption`,`bJointQuery`,`bPrintUpCase`,`bSelfDefine`,`cDataSourceName`,`cOrder`,`bCheck`,`cControlType`,`cEnumType`,`refReturn`,`bShowInRowAuth`,`iRowAuthBillId`,`cStyle`,`bRowAuthControlled`,`cSelfDefineType`,`bVmExclude`,`bRowAuthDim`,`tenant_id`) values (@id66,@id4,@id11,@id16,@id29,'ucf','id','id','ID','ID','32',null,1,null,null,0,1,1,null,null,null,null,null,0,0,null,0,null,null,null,1,null,null,null,0,null,null,null,null,null,null,1,null,null,null,0,'express.customer.CusQuotationMateriel',null,null,'Input',null,null,0,null,null,0,null,0,0,'0');
set @id67=@id66+1;
insert into billitem_base(`id`,`iBillId`,`iBillEntityId`,`iTplId`,`iBillTplGroupId`,`cSubId`,`cFieldName`,`cName`,`cCaption`,`cShowCaption`,`iOrder`,`iMaxLength`,`iFieldType`,`bEnum`,`cEnumString`,`isDeleted`,`bMustSelect`,`bHidden`,`cRefType`,`cRefId`,`cRefRetID`,`cDataRule`,`iFunctionType`,`bSplit`,`bExtend`,`iNumPoint`,`bCanModify`,`cSourceType`,`iMaxShowLen`,`cMemo`,`iColWidth`,`cSumType`,`iAlign`,`bNeedSum`,`bShowIt`,`bFixed`,`bFilter`,`cDefaultValue`,`cFormatData`,`cUserId`,`iTabIndex`,`bIsNull`,`bPrintCaption`,`bJointQuery`,`bPrintUpCase`,`bSelfDefine`,`cDataSourceName`,`cOrder`,`bCheck`,`cControlType`,`cEnumType`,`refReturn`,`bShowInRowAuth`,`iRowAuthBillId`,`cStyle`,`bRowAuthControlled`,`cSelfDefineType`,`bVmExclude`,`bRowAuthDim`,`tenant_id`) values (@id67,@id4,@id11,@id16,@id29,'ucf','pubts','pubts','时间戳','时间戳','33',null,1,null,null,0,1,1,null,null,null,null,null,0,0,null,0,null,null,null,1,null,null,null,0,null,null,null,null,null,null,1,null,null,null,0,'express.customer.CusQuotationMateriel',null,null,'datepicker',null,null,0,null,null,0,null,0,0,'0');
set @id68=@id67+1;
insert into billitem_base(`id`,`iBillId`,`iBillEntityId`,`iTplId`,`iBillTplGroupId`,`cSubId`,`cFieldName`,`cName`,`cCaption`,`cShowCaption`,`iOrder`,`iMaxLength`,`iFieldType`,`bEnum`,`cEnumString`,`isDeleted`,`bMustSelect`,`bHidden`,`cRefType`,`cRefId`,`cRefRetID`,`cDataRule`,`iFunctionType`,`bSplit`,`bExtend`,`iNumPoint`,`bCanModify`,`cSourceType`,`iMaxShowLen`,`cMemo`,`iColWidth`,`cSumType`,`iAlign`,`bNeedSum`,`bShowIt`,`bFixed`,`bFilter`,`cDefaultValue`,`cFormatData`,`cUserId`,`iTabIndex`,`bIsNull`,`bPrintCaption`,`bJointQuery`,`bPrintUpCase`,`bSelfDefine`,`cDataSourceName`,`cOrder`,`bCheck`,`cControlType`,`cEnumType`,`refReturn`,`bShowInRowAuth`,`iRowAuthBillId`,`cStyle`,`bRowAuthControlled`,`cSelfDefineType`,`bVmExclude`,`bRowAuthDim`,`tenant_id`) values (@id68,@id4,@id11,@id16,@id29,'ucf','materielId','materielId','物料ID','物料ID','34',null,1,null,null,0,0,1,null,null,null,null,null,0,0,null,0,null,null,null,'100',null,null,null,0,null,null,null,null,null,null,0,null,null,null,0,'express.customer.CusQuotationMateriel',null,null,'Input',null,null,0,null,null,0,null,0,0,'0');
set @id69=@id68+1;
insert into billitem_base(`id`,`iBillId`,`iBillEntityId`,`iTplId`,`iBillTplGroupId`,`cSubId`,`cFieldName`,`cName`,`cCaption`,`cShowCaption`,`iOrder`,`iMaxLength`,`iFieldType`,`bEnum`,`cEnumString`,`isDeleted`,`bMustSelect`,`bHidden`,`cRefType`,`cRefId`,`cRefRetID`,`cDataRule`,`iFunctionType`,`bSplit`,`bExtend`,`iNumPoint`,`bCanModify`,`cSourceType`,`iMaxShowLen`,`cMemo`,`iColWidth`,`cSumType`,`iAlign`,`bNeedSum`,`bShowIt`,`bFixed`,`bFilter`,`cDefaultValue`,`cFormatData`,`cUserId`,`iTabIndex`,`bIsNull`,`bPrintCaption`,`bJointQuery`,`bPrintUpCase`,`bSelfDefine`,`cDataSourceName`,`cOrder`,`bCheck`,`cControlType`,`cEnumType`,`refReturn`,`bShowInRowAuth`,`iRowAuthBillId`,`cStyle`,`bRowAuthControlled`,`cSelfDefineType`,`bVmExclude`,`bRowAuthDim`,`tenant_id`) values (@id69,@id4,@id11,@id16,@id29,'ucf','materielId.cCode','materielId_cCode','物料编号','物料编号','35',null,1,null,null,0,0,0,'productcenter.aa_productsku',null,'{"materielId":"id","materielId_cName":"cName","unitName":"unitName","inventoryUnit":"stockUnit_name","valuationUnit":"purchaseUnit_name","taxFreePrice":"skuPrice","materielId_specs":"cCode","skuId":"productskus_id","skuNum":"productskus_cCode","skuName":"skuName"}',null,null,0,0,null,1,null,null,null,'150',null,null,null,1,null,null,null,null,null,null,0,null,null,null,0,'express.customer.CusQuotationMateriel',null,null,'Refer',null,'cCode',0,null,null,0,null,0,0,'0');
set @id70=@id69+1;
insert into billitem_base(`id`,`iBillId`,`iBillEntityId`,`iTplId`,`iBillTplGroupId`,`cSubId`,`cFieldName`,`cName`,`cCaption`,`cShowCaption`,`iOrder`,`iMaxLength`,`iFieldType`,`bEnum`,`cEnumString`,`isDeleted`,`bMustSelect`,`bHidden`,`cRefType`,`cRefId`,`cRefRetID`,`cDataRule`,`iFunctionType`,`bSplit`,`bExtend`,`iNumPoint`,`bCanModify`,`cSourceType`,`iMaxShowLen`,`cMemo`,`iColWidth`,`cSumType`,`iAlign`,`bNeedSum`,`bShowIt`,`bFixed`,`bFilter`,`cDefaultValue`,`cFormatData`,`cUserId`,`iTabIndex`,`bIsNull`,`bPrintCaption`,`bJointQuery`,`bPrintUpCase`,`bSelfDefine`,`cDataSourceName`,`cOrder`,`bCheck`,`cControlType`,`cEnumType`,`refReturn`,`bShowInRowAuth`,`iRowAuthBillId`,`cStyle`,`bRowAuthControlled`,`cSelfDefineType`,`bVmExclude`,`bRowAuthDim`,`tenant_id`) values (@id70,@id4,@id11,@id16,@id29,'ucf','materielId.cName','materielId_cName','物料名称','物料名称','36',null,1,null,null,0,0,0,null,null,null,null,null,0,0,null,0,null,null,null,'150',null,null,null,1,null,null,null,null,null,null,0,null,null,null,0,'express.customer.CusQuotationMateriel',null,null,'Input',null,null,0,null,null,0,null,0,0,'0');
set @id71=@id70+1;
insert into billitem_base(`id`,`iBillId`,`iBillEntityId`,`iTplId`,`iBillTplGroupId`,`cSubId`,`cFieldName`,`cName`,`cCaption`,`cShowCaption`,`iOrder`,`iMaxLength`,`iFieldType`,`bEnum`,`cEnumString`,`isDeleted`,`bMustSelect`,`bHidden`,`cRefType`,`cRefId`,`cRefRetID`,`cDataRule`,`iFunctionType`,`bSplit`,`bExtend`,`iNumPoint`,`bCanModify`,`cSourceType`,`iMaxShowLen`,`cMemo`,`iColWidth`,`cSumType`,`iAlign`,`bNeedSum`,`bShowIt`,`bFixed`,`bFilter`,`cDefaultValue`,`cFormatData`,`cUserId`,`iTabIndex`,`bIsNull`,`bPrintCaption`,`bJointQuery`,`bPrintUpCase`,`bSelfDefine`,`cDataSourceName`,`cOrder`,`bCheck`,`cControlType`,`cEnumType`,`refReturn`,`bShowInRowAuth`,`iRowAuthBillId`,`cStyle`,`bRowAuthControlled`,`cSelfDefineType`,`bVmExclude`,`bRowAuthDim`,`tenant_id`) values (@id71,@id4,@id11,@id16,@id29,'ucf','materielId.cCode','materielId_specs','物料规格','物料规格','37',null,1,null,null,0,0,1,null,null,null,null,null,0,0,null,1,null,null,null,'100',null,null,null,0,null,null,null,null,null,null,1,null,null,null,0,'express.customer.CusQuotationMateriel',null,null,'Input',null,null,0,null,null,0,null,0,0,'0');
set @id72=@id71+1;
insert into billitem_base(`id`,`iBillId`,`iBillEntityId`,`iTplId`,`iBillTplGroupId`,`cSubId`,`cFieldName`,`cName`,`cCaption`,`cShowCaption`,`iOrder`,`iMaxLength`,`iFieldType`,`bEnum`,`cEnumString`,`isDeleted`,`bMustSelect`,`bHidden`,`cRefType`,`cRefId`,`cRefRetID`,`cDataRule`,`iFunctionType`,`bSplit`,`bExtend`,`iNumPoint`,`bCanModify`,`cSourceType`,`iMaxShowLen`,`cMemo`,`iColWidth`,`cSumType`,`iAlign`,`bNeedSum`,`bShowIt`,`bFixed`,`bFilter`,`cDefaultValue`,`cFormatData`,`cUserId`,`iTabIndex`,`bIsNull`,`bPrintCaption`,`bJointQuery`,`bPrintUpCase`,`bSelfDefine`,`cDataSourceName`,`cOrder`,`bCheck`,`cControlType`,`cEnumType`,`refReturn`,`bShowInRowAuth`,`iRowAuthBillId`,`cStyle`,`bRowAuthControlled`,`cSelfDefineType`,`bVmExclude`,`bRowAuthDim`,`tenant_id`) values (@id72,@id4,@id11,@id16,@id29,'ucf','skuId','skuIdSpecs','物料SKU规格','物料SKU规格','41',null,1,null,null,0,0,1,null,null,null,null,null,0,0,null,1,null,null,null,'100',null,null,null,0,null,null,null,null,null,null,1,null,null,null,0,'express.customer.CusQuotationMateriel',null,0,'Input',null,null,0,null,null,0,null,0,0,'0');
set @id73=@id72+1;
insert into billitem_base(`id`,`iBillId`,`iBillEntityId`,`iTplId`,`iBillTplGroupId`,`cSubId`,`cFieldName`,`cName`,`cCaption`,`cShowCaption`,`iOrder`,`iMaxLength`,`iFieldType`,`bEnum`,`cEnumString`,`isDeleted`,`bMustSelect`,`bHidden`,`cRefType`,`cRefId`,`cRefRetID`,`cDataRule`,`iFunctionType`,`bSplit`,`bExtend`,`iNumPoint`,`bCanModify`,`cSourceType`,`iMaxShowLen`,`cMemo`,`iColWidth`,`cSumType`,`iAlign`,`bNeedSum`,`bShowIt`,`bFixed`,`bFilter`,`cDefaultValue`,`cFormatData`,`cUserId`,`iTabIndex`,`bIsNull`,`bPrintCaption`,`bJointQuery`,`bPrintUpCase`,`bSelfDefine`,`cDataSourceName`,`cOrder`,`bCheck`,`cControlType`,`cEnumType`,`refReturn`,`bShowInRowAuth`,`iRowAuthBillId`,`cStyle`,`bRowAuthControlled`,`cSelfDefineType`,`bVmExclude`,`bRowAuthDim`,`tenant_id`) values (@id73,@id4,@id11,@id16,@id29,'ucf','quantity','quantity','总数量','总数量','42',null,1,null,null,0,0,1,null,null,null,null,null,0,0,null,1,null,null,null,'100',null,null,null,0,null,null,null,null,null,null,1,null,null,null,0,'express.customer.CusQuotationMateriel',null,1,'Input',null,null,0,null,null,0,null,0,0,'0');
set @id74=@id73+1;
insert into billitem_base(`id`,`iBillId`,`iBillEntityId`,`iTplId`,`iBillTplGroupId`,`cSubId`,`cFieldName`,`cName`,`cCaption`,`cShowCaption`,`iOrder`,`iMaxLength`,`iFieldType`,`bEnum`,`cEnumString`,`isDeleted`,`bMustSelect`,`bHidden`,`cRefType`,`cRefId`,`cRefRetID`,`cDataRule`,`iFunctionType`,`bSplit`,`bExtend`,`iNumPoint`,`bCanModify`,`cSourceType`,`iMaxShowLen`,`cMemo`,`iColWidth`,`cSumType`,`iAlign`,`bNeedSum`,`bShowIt`,`bFixed`,`bFilter`,`cDefaultValue`,`cFormatData`,`cUserId`,`iTabIndex`,`bIsNull`,`bPrintCaption`,`bJointQuery`,`bPrintUpCase`,`bSelfDefine`,`cDataSourceName`,`cOrder`,`bCheck`,`cControlType`,`cEnumType`,`refReturn`,`bShowInRowAuth`,`iRowAuthBillId`,`cStyle`,`bRowAuthControlled`,`cSelfDefineType`,`bVmExclude`,`bRowAuthDim`,`tenant_id`) values (@id74,@id4,@id11,@id16,@id29,'ucf','unitName','unitName','主计量单位','主计量单位','43',null,1,null,null,0,0,0,null,null,null,null,null,0,0,null,0,null,null,null,'100',null,null,null,1,null,null,null,null,null,null,1,null,null,null,0,'express.customer.CusQuotationMateriel',null,null,'Input',null,null,0,null,null,0,null,0,0,'0');
set @id75=@id74+1;
insert into billitem_base(`id`,`iBillId`,`iBillEntityId`,`iTplId`,`iBillTplGroupId`,`cSubId`,`cFieldName`,`cName`,`cCaption`,`cShowCaption`,`iOrder`,`iMaxLength`,`iFieldType`,`bEnum`,`cEnumString`,`isDeleted`,`bMustSelect`,`bHidden`,`cRefType`,`cRefId`,`cRefRetID`,`cDataRule`,`iFunctionType`,`bSplit`,`bExtend`,`iNumPoint`,`bCanModify`,`cSourceType`,`iMaxShowLen`,`cMemo`,`iColWidth`,`cSumType`,`iAlign`,`bNeedSum`,`bShowIt`,`bFixed`,`bFilter`,`cDefaultValue`,`cFormatData`,`cUserId`,`iTabIndex`,`bIsNull`,`bPrintCaption`,`bJointQuery`,`bPrintUpCase`,`bSelfDefine`,`cDataSourceName`,`cOrder`,`bCheck`,`cControlType`,`cEnumType`,`refReturn`,`bShowInRowAuth`,`iRowAuthBillId`,`cStyle`,`bRowAuthControlled`,`cSelfDefineType`,`bVmExclude`,`bRowAuthDim`,`tenant_id`) values (@id75,@id4,@id11,@id16,@id29,'ucf','valuationQuantity','valuationQuantity','数量','数量','46',null,1,null,null,0,0,0,null,null,null,null,null,0,0,null,1,null,null,null,'100',null,null,null,1,null,null,null,null,null,null,0,null,null,null,0,'express.customer.CusQuotationMateriel',null,1,'Input',null,null,0,null,null,0,null,0,0,'0');
set @id76=@id75+1;
insert into billitem_base(`id`,`iBillId`,`iBillEntityId`,`iTplId`,`iBillTplGroupId`,`cSubId`,`cFieldName`,`cName`,`cCaption`,`cShowCaption`,`iOrder`,`iMaxLength`,`iFieldType`,`bEnum`,`cEnumString`,`isDeleted`,`bMustSelect`,`bHidden`,`cRefType`,`cRefId`,`cRefRetID`,`cDataRule`,`iFunctionType`,`bSplit`,`bExtend`,`iNumPoint`,`bCanModify`,`cSourceType`,`iMaxShowLen`,`cMemo`,`iColWidth`,`cSumType`,`iAlign`,`bNeedSum`,`bShowIt`,`bFixed`,`bFilter`,`cDefaultValue`,`cFormatData`,`cUserId`,`iTabIndex`,`bIsNull`,`bPrintCaption`,`bJointQuery`,`bPrintUpCase`,`bSelfDefine`,`cDataSourceName`,`cOrder`,`bCheck`,`cControlType`,`cEnumType`,`refReturn`,`bShowInRowAuth`,`iRowAuthBillId`,`cStyle`,`bRowAuthControlled`,`cSelfDefineType`,`bVmExclude`,`bRowAuthDim`,`tenant_id`) values (@id76,@id4,@id11,@id16,@id29,'ucf','valuationUnit','valuationUnit','计价单位','计价单位','47',null,1,null,null,0,0,0,null,null,null,null,null,0,0,null,1,null,null,null,'100',null,null,null,0,null,null,null,null,null,null,1,null,null,null,0,'express.customer.CusQuotationMateriel',null,null,'Input',null,null,0,null,null,0,null,0,0,'0');
set @id77=@id76+1;
insert into billitem_base(`id`,`iBillId`,`iBillEntityId`,`iTplId`,`iBillTplGroupId`,`cSubId`,`cFieldName`,`cName`,`cCaption`,`cShowCaption`,`iOrder`,`iMaxLength`,`iFieldType`,`bEnum`,`cEnumString`,`isDeleted`,`bMustSelect`,`bHidden`,`cRefType`,`cRefId`,`cRefRetID`,`cDataRule`,`iFunctionType`,`bSplit`,`bExtend`,`iNumPoint`,`bCanModify`,`cSourceType`,`iMaxShowLen`,`cMemo`,`iColWidth`,`cSumType`,`iAlign`,`bNeedSum`,`bShowIt`,`bFixed`,`bFilter`,`cDefaultValue`,`cFormatData`,`cUserId`,`iTabIndex`,`bIsNull`,`bPrintCaption`,`bJointQuery`,`bPrintUpCase`,`bSelfDefine`,`cDataSourceName`,`cOrder`,`bCheck`,`cControlType`,`cEnumType`,`refReturn`,`bShowInRowAuth`,`iRowAuthBillId`,`cStyle`,`bRowAuthControlled`,`cSelfDefineType`,`bVmExclude`,`bRowAuthDim`,`tenant_id`) values (@id77,@id4,@id11,@id16,@id29,'ucf','taxFreePrice','taxFreePrice','无税单价','无税单价','48',null,1,null,null,0,0,0,null,null,null,null,null,0,0,null,1,null,null,null,'100',null,null,null,1,null,null,null,null,null,null,0,null,null,null,0,'express.customer.CusQuotationMateriel',null,1,'Input',null,null,0,null,null,0,null,0,0,'0');
set @id78=@id77+1;
insert into billitem_base(`id`,`iBillId`,`iBillEntityId`,`iTplId`,`iBillTplGroupId`,`cSubId`,`cFieldName`,`cName`,`cCaption`,`cShowCaption`,`iOrder`,`iMaxLength`,`iFieldType`,`bEnum`,`cEnumString`,`isDeleted`,`bMustSelect`,`bHidden`,`cRefType`,`cRefId`,`cRefRetID`,`cDataRule`,`iFunctionType`,`bSplit`,`bExtend`,`iNumPoint`,`bCanModify`,`cSourceType`,`iMaxShowLen`,`cMemo`,`iColWidth`,`cSumType`,`iAlign`,`bNeedSum`,`bShowIt`,`bFixed`,`bFilter`,`cDefaultValue`,`cFormatData`,`cUserId`,`iTabIndex`,`bIsNull`,`bPrintCaption`,`bJointQuery`,`bPrintUpCase`,`bSelfDefine`,`cDataSourceName`,`cOrder`,`bCheck`,`cControlType`,`cEnumType`,`refReturn`,`bShowInRowAuth`,`iRowAuthBillId`,`cStyle`,`bRowAuthControlled`,`cSelfDefineType`,`bVmExclude`,`bRowAuthDim`,`tenant_id`) values (@id78,@id4,@id11,@id16,@id29,'ucf','taxRate','taxRate','税率','税率','49',null,1,null,null,0,0,0,null,null,null,null,null,0,0,null,1,null,null,null,'100',null,null,null,1,null,null,null,null,null,null,0,null,null,null,0,'express.customer.CusQuotationMateriel',null,1,'Input',null,null,0,null,null,0,null,0,0,'0');
set @id79=@id78+1;
insert into billitem_base(`id`,`iBillId`,`iBillEntityId`,`iTplId`,`iBillTplGroupId`,`cSubId`,`cFieldName`,`cName`,`cCaption`,`cShowCaption`,`iOrder`,`iMaxLength`,`iFieldType`,`bEnum`,`cEnumString`,`isDeleted`,`bMustSelect`,`bHidden`,`cRefType`,`cRefId`,`cRefRetID`,`cDataRule`,`iFunctionType`,`bSplit`,`bExtend`,`iNumPoint`,`bCanModify`,`cSourceType`,`iMaxShowLen`,`cMemo`,`iColWidth`,`cSumType`,`iAlign`,`bNeedSum`,`bShowIt`,`bFixed`,`bFilter`,`cDefaultValue`,`cFormatData`,`cUserId`,`iTabIndex`,`bIsNull`,`bPrintCaption`,`bJointQuery`,`bPrintUpCase`,`bSelfDefine`,`cDataSourceName`,`cOrder`,`bCheck`,`cControlType`,`cEnumType`,`refReturn`,`bShowInRowAuth`,`iRowAuthBillId`,`cStyle`,`bRowAuthControlled`,`cSelfDefineType`,`bVmExclude`,`bRowAuthDim`,`tenant_id`) values (@id79,@id4,@id11,@id16,@id29,'ucf','taxPrice','taxPrice','含税单价','含税单价','50',null,1,null,null,0,0,0,null,null,null,null,null,0,0,null,0,null,null,null,'100',null,null,null,1,null,null,null,null,null,null,0,null,null,null,0,'express.customer.CusQuotationMateriel',null,1,'Input',null,null,0,null,null,0,null,0,0,'0');
set @id80=@id79+1;
insert into billitem_base(`id`,`iBillId`,`iBillEntityId`,`iTplId`,`iBillTplGroupId`,`cSubId`,`cFieldName`,`cName`,`cCaption`,`cShowCaption`,`iOrder`,`iMaxLength`,`iFieldType`,`bEnum`,`cEnumString`,`isDeleted`,`bMustSelect`,`bHidden`,`cRefType`,`cRefId`,`cRefRetID`,`cDataRule`,`iFunctionType`,`bSplit`,`bExtend`,`iNumPoint`,`bCanModify`,`cSourceType`,`iMaxShowLen`,`cMemo`,`iColWidth`,`cSumType`,`iAlign`,`bNeedSum`,`bShowIt`,`bFixed`,`bFilter`,`cDefaultValue`,`cFormatData`,`cUserId`,`iTabIndex`,`bIsNull`,`bPrintCaption`,`bJointQuery`,`bPrintUpCase`,`bSelfDefine`,`cDataSourceName`,`cOrder`,`bCheck`,`cControlType`,`cEnumType`,`refReturn`,`bShowInRowAuth`,`iRowAuthBillId`,`cStyle`,`bRowAuthControlled`,`cSelfDefineType`,`bVmExclude`,`bRowAuthDim`,`tenant_id`) values (@id80,@id4,@id11,@id16,@id29,'ucf','taxFreeAmount','taxFreeAmount','无税金额','无税金额','51',null,1,null,null,0,0,0,null,null,null,null,null,0,0,null,0,null,null,null,'100',null,null,null,1,null,null,null,null,null,null,0,null,null,null,0,'express.customer.CusQuotationMateriel',null,1,'Input',null,null,0,null,null,0,null,0,0,'0');
set @id81=@id80+1;
insert into billitem_base(`id`,`iBillId`,`iBillEntityId`,`iTplId`,`iBillTplGroupId`,`cSubId`,`cFieldName`,`cName`,`cCaption`,`cShowCaption`,`iOrder`,`iMaxLength`,`iFieldType`,`bEnum`,`cEnumString`,`isDeleted`,`bMustSelect`,`bHidden`,`cRefType`,`cRefId`,`cRefRetID`,`cDataRule`,`iFunctionType`,`bSplit`,`bExtend`,`iNumPoint`,`bCanModify`,`cSourceType`,`iMaxShowLen`,`cMemo`,`iColWidth`,`cSumType`,`iAlign`,`bNeedSum`,`bShowIt`,`bFixed`,`bFilter`,`cDefaultValue`,`cFormatData`,`cUserId`,`iTabIndex`,`bIsNull`,`bPrintCaption`,`bJointQuery`,`bPrintUpCase`,`bSelfDefine`,`cDataSourceName`,`cOrder`,`bCheck`,`cControlType`,`cEnumType`,`refReturn`,`bShowInRowAuth`,`iRowAuthBillId`,`cStyle`,`bRowAuthControlled`,`cSelfDefineType`,`bVmExclude`,`bRowAuthDim`,`tenant_id`) values (@id81,@id4,@id11,@id16,@id29,'ucf','taxAmount','taxAmount','税额','税额','52',null,1,null,null,0,0,0,null,null,null,null,null,0,0,null,0,null,null,null,'100',null,null,null,1,null,null,null,null,null,null,0,null,null,null,0,'express.customer.CusQuotationMateriel',null,1,'Input',null,null,0,null,null,0,null,0,0,'0');
set @id82=@id81+1;
insert into billitem_base(`id`,`iBillId`,`iBillEntityId`,`iTplId`,`iBillTplGroupId`,`cSubId`,`cFieldName`,`cName`,`cCaption`,`cShowCaption`,`iOrder`,`iMaxLength`,`iFieldType`,`bEnum`,`cEnumString`,`isDeleted`,`bMustSelect`,`bHidden`,`cRefType`,`cRefId`,`cRefRetID`,`cDataRule`,`iFunctionType`,`bSplit`,`bExtend`,`iNumPoint`,`bCanModify`,`cSourceType`,`iMaxShowLen`,`cMemo`,`iColWidth`,`cSumType`,`iAlign`,`bNeedSum`,`bShowIt`,`bFixed`,`bFilter`,`cDefaultValue`,`cFormatData`,`cUserId`,`iTabIndex`,`bIsNull`,`bPrintCaption`,`bJointQuery`,`bPrintUpCase`,`bSelfDefine`,`cDataSourceName`,`cOrder`,`bCheck`,`cControlType`,`cEnumType`,`refReturn`,`bShowInRowAuth`,`iRowAuthBillId`,`cStyle`,`bRowAuthControlled`,`cSelfDefineType`,`bVmExclude`,`bRowAuthDim`,`tenant_id`) values (@id82,@id4,@id11,@id16,@id29,'ucf','valueTaxTotal','valueTaxTotal','价税合计','价税合计','53',null,1,null,null,0,0,0,null,null,null,null,null,0,0,null,0,null,null,null,'100',null,null,null,1,null,null,null,null,null,null,0,null,null,null,0,'express.customer.CusQuotationMateriel',null,1,'Input',null,null,0,null,null,0,null,0,0,'0');
set @id83=@id82+1;
insert into billitem_base(`id`,`iBillId`,`iBillEntityId`,`iTplId`,`iBillTplGroupId`,`cSubId`,`cFieldName`,`cName`,`cCaption`,`cShowCaption`,`iOrder`,`iMaxLength`,`iFieldType`,`bEnum`,`cEnumString`,`isDeleted`,`bMustSelect`,`bHidden`,`cRefType`,`cRefId`,`cRefRetID`,`cDataRule`,`iFunctionType`,`bSplit`,`bExtend`,`iNumPoint`,`bCanModify`,`cSourceType`,`iMaxShowLen`,`cMemo`,`iColWidth`,`cSumType`,`iAlign`,`bNeedSum`,`bShowIt`,`bFixed`,`bFilter`,`cDefaultValue`,`cFormatData`,`cUserId`,`iTabIndex`,`bIsNull`,`bPrintCaption`,`bJointQuery`,`bPrintUpCase`,`bSelfDefine`,`cDataSourceName`,`cOrder`,`bCheck`,`cControlType`,`cEnumType`,`refReturn`,`bShowInRowAuth`,`iRowAuthBillId`,`cStyle`,`bRowAuthControlled`,`cSelfDefineType`,`bVmExclude`,`bRowAuthDim`,`tenant_id`) values (@id83,@id4,@id11,@id16,@id29,'ucf','taxFreePriceInLocal','taxFreePriceInLocal','本币无税单价','本币无税单价','54',null,1,null,null,0,0,0,null,null,null,null,null,0,0,null,1,null,null,null,'100',null,null,null,1,null,null,null,null,null,null,0,null,null,null,0,'express.customer.CusQuotationMateriel',null,1,'Input',null,null,0,null,null,0,null,0,0,'0');
set @id84=@id83+1;
insert into billitem_base(`id`,`iBillId`,`iBillEntityId`,`iTplId`,`iBillTplGroupId`,`cSubId`,`cFieldName`,`cName`,`cCaption`,`cShowCaption`,`iOrder`,`iMaxLength`,`iFieldType`,`bEnum`,`cEnumString`,`isDeleted`,`bMustSelect`,`bHidden`,`cRefType`,`cRefId`,`cRefRetID`,`cDataRule`,`iFunctionType`,`bSplit`,`bExtend`,`iNumPoint`,`bCanModify`,`cSourceType`,`iMaxShowLen`,`cMemo`,`iColWidth`,`cSumType`,`iAlign`,`bNeedSum`,`bShowIt`,`bFixed`,`bFilter`,`cDefaultValue`,`cFormatData`,`cUserId`,`iTabIndex`,`bIsNull`,`bPrintCaption`,`bJointQuery`,`bPrintUpCase`,`bSelfDefine`,`cDataSourceName`,`cOrder`,`bCheck`,`cControlType`,`cEnumType`,`refReturn`,`bShowInRowAuth`,`iRowAuthBillId`,`cStyle`,`bRowAuthControlled`,`cSelfDefineType`,`bVmExclude`,`bRowAuthDim`,`tenant_id`) values (@id84,@id4,@id11,@id16,@id29,'ucf','taxPriceInLocal','taxPriceInLocal','本币含税单价','本币含税单价','55',null,1,null,null,0,0,0,null,null,null,null,null,0,0,null,1,null,null,null,'100',null,null,null,1,null,null,null,null,null,null,0,null,null,null,0,'express.customer.CusQuotationMateriel',null,1,'Input',null,null,0,null,null,0,null,0,0,'0');
set @id85=@id84+1;
insert into billitem_base(`id`,`iBillId`,`iBillEntityId`,`iTplId`,`iBillTplGroupId`,`cSubId`,`cFieldName`,`cName`,`cCaption`,`cShowCaption`,`iOrder`,`iMaxLength`,`iFieldType`,`bEnum`,`cEnumString`,`isDeleted`,`bMustSelect`,`bHidden`,`cRefType`,`cRefId`,`cRefRetID`,`cDataRule`,`iFunctionType`,`bSplit`,`bExtend`,`iNumPoint`,`bCanModify`,`cSourceType`,`iMaxShowLen`,`cMemo`,`iColWidth`,`cSumType`,`iAlign`,`bNeedSum`,`bShowIt`,`bFixed`,`bFilter`,`cDefaultValue`,`cFormatData`,`cUserId`,`iTabIndex`,`bIsNull`,`bPrintCaption`,`bJointQuery`,`bPrintUpCase`,`bSelfDefine`,`cDataSourceName`,`cOrder`,`bCheck`,`cControlType`,`cEnumType`,`refReturn`,`bShowInRowAuth`,`iRowAuthBillId`,`cStyle`,`bRowAuthControlled`,`cSelfDefineType`,`bVmExclude`,`bRowAuthDim`,`tenant_id`) values (@id85,@id4,@id11,@id16,@id29,'ucf','taxFreeInLocal','taxFreeInLocal','本币无税金额','本币无税金额','56',null,1,null,null,0,0,0,null,null,null,null,null,0,0,null,1,null,null,null,'100',null,null,null,1,null,null,null,null,null,null,0,null,null,null,0,'express.customer.CusQuotationMateriel',null,1,'Input',null,null,0,null,null,0,null,0,0,'0');
set @id86=@id85+1;
insert into billitem_base(`id`,`iBillId`,`iBillEntityId`,`iTplId`,`iBillTplGroupId`,`cSubId`,`cFieldName`,`cName`,`cCaption`,`cShowCaption`,`iOrder`,`iMaxLength`,`iFieldType`,`bEnum`,`cEnumString`,`isDeleted`,`bMustSelect`,`bHidden`,`cRefType`,`cRefId`,`cRefRetID`,`cDataRule`,`iFunctionType`,`bSplit`,`bExtend`,`iNumPoint`,`bCanModify`,`cSourceType`,`iMaxShowLen`,`cMemo`,`iColWidth`,`cSumType`,`iAlign`,`bNeedSum`,`bShowIt`,`bFixed`,`bFilter`,`cDefaultValue`,`cFormatData`,`cUserId`,`iTabIndex`,`bIsNull`,`bPrintCaption`,`bJointQuery`,`bPrintUpCase`,`bSelfDefine`,`cDataSourceName`,`cOrder`,`bCheck`,`cControlType`,`cEnumType`,`refReturn`,`bShowInRowAuth`,`iRowAuthBillId`,`cStyle`,`bRowAuthControlled`,`cSelfDefineType`,`bVmExclude`,`bRowAuthDim`,`tenant_id`) values (@id86,@id4,@id11,@id16,@id29,'ucf','taxInLocal','taxInLocal','本币税额','本币税额','57',null,1,null,null,0,0,0,null,null,null,null,null,0,0,null,1,null,null,null,'100',null,null,null,1,null,null,null,null,null,null,0,null,null,null,0,'express.customer.CusQuotationMateriel',null,1,'Input',null,null,0,null,null,0,null,0,0,'0');
set @id87=@id86+1;
insert into billitem_base(`id`,`iBillId`,`iBillEntityId`,`iTplId`,`iBillTplGroupId`,`cSubId`,`cFieldName`,`cName`,`cCaption`,`cShowCaption`,`iOrder`,`iMaxLength`,`iFieldType`,`bEnum`,`cEnumString`,`isDeleted`,`bMustSelect`,`bHidden`,`cRefType`,`cRefId`,`cRefRetID`,`cDataRule`,`iFunctionType`,`bSplit`,`bExtend`,`iNumPoint`,`bCanModify`,`cSourceType`,`iMaxShowLen`,`cMemo`,`iColWidth`,`cSumType`,`iAlign`,`bNeedSum`,`bShowIt`,`bFixed`,`bFilter`,`cDefaultValue`,`cFormatData`,`cUserId`,`iTabIndex`,`bIsNull`,`bPrintCaption`,`bJointQuery`,`bPrintUpCase`,`bSelfDefine`,`cDataSourceName`,`cOrder`,`bCheck`,`cControlType`,`cEnumType`,`refReturn`,`bShowInRowAuth`,`iRowAuthBillId`,`cStyle`,`bRowAuthControlled`,`cSelfDefineType`,`bVmExclude`,`bRowAuthDim`,`tenant_id`) values (@id87,@id4,@id11,@id16,@id29,'ucf','valueTaxInLocal','valueTaxInLocal','本币价税合计','本币价税合计','58',null,1,null,null,0,0,0,null,null,null,null,null,0,0,null,1,null,null,null,'100',null,null,null,1,null,null,null,null,null,null,0,null,null,null,0,'express.customer.CusQuotationMateriel',null,1,'Input',null,null,0,null,null,0,null,0,0,'0');
set @id88=@id87+1;
insert into billitem_base(`id`,`iBillId`,`iBillEntityId`,`iTplId`,`iBillTplGroupId`,`cSubId`,`cFieldName`,`cName`,`cCaption`,`cShowCaption`,`iOrder`,`iMaxLength`,`iFieldType`,`bEnum`,`cEnumString`,`isDeleted`,`bMustSelect`,`bHidden`,`cRefType`,`cRefId`,`cRefRetID`,`cDataRule`,`iFunctionType`,`bSplit`,`bExtend`,`iNumPoint`,`bCanModify`,`cSourceType`,`iMaxShowLen`,`cMemo`,`iColWidth`,`cSumType`,`iAlign`,`bNeedSum`,`bShowIt`,`bFixed`,`bFilter`,`cDefaultValue`,`cFormatData`,`cUserId`,`iTabIndex`,`bIsNull`,`bPrintCaption`,`bJointQuery`,`bPrintUpCase`,`bSelfDefine`,`cDataSourceName`,`cOrder`,`bCheck`,`cControlType`,`cEnumType`,`refReturn`,`bShowInRowAuth`,`iRowAuthBillId`,`cStyle`,`bRowAuthControlled`,`cSelfDefineType`,`bVmExclude`,`bRowAuthDim`,`tenant_id`) values (@id88,@id4,@id11,@id16,@id29,'ucf','buyer','buyer','采购/专管ID','采购/专管ID','59',null,1,null,null,0,0,1,null,null,null,null,null,0,0,null,1,null,null,null,'100',null,null,null,0,null,null,null,null,null,null,1,null,null,null,0,'express.customer.CusQuotationMateriel',null,null,'Input',null,null,0,null,null,0,null,0,0,'0');
set @id89=@id88+1;
insert into billitem_base(`id`,`iBillId`,`iBillEntityId`,`iTplId`,`iBillTplGroupId`,`cSubId`,`cFieldName`,`cName`,`cCaption`,`cShowCaption`,`iOrder`,`iMaxLength`,`iFieldType`,`bEnum`,`cEnumString`,`isDeleted`,`bMustSelect`,`bHidden`,`cRefType`,`cRefId`,`cRefRetID`,`cDataRule`,`iFunctionType`,`bSplit`,`bExtend`,`iNumPoint`,`bCanModify`,`cSourceType`,`iMaxShowLen`,`cMemo`,`iColWidth`,`cSumType`,`iAlign`,`bNeedSum`,`bShowIt`,`bFixed`,`bFilter`,`cDefaultValue`,`cFormatData`,`cUserId`,`iTabIndex`,`bIsNull`,`bPrintCaption`,`bJointQuery`,`bPrintUpCase`,`bSelfDefine`,`cDataSourceName`,`cOrder`,`bCheck`,`cControlType`,`cEnumType`,`refReturn`,`bShowInRowAuth`,`iRowAuthBillId`,`cStyle`,`bRowAuthControlled`,`cSelfDefineType`,`bVmExclude`,`bRowAuthDim`,`tenant_id`) values (@id89,@id4,@id11,@id16,@id29,'ucf','buyer.name','buyer_name','专管人员名称','专管人员名称','60',null,1,null,null,0,0,0,'ucf-staff-center.bd_staff_ref',null,'{"buyer":"id"}',null,null,0,0,null,1,null,null,null,'100',null,null,null,1,null,null,null,null,null,null,1,null,null,null,0,'express.customer.CusQuotationMateriel',null,null,'Refer',null,'name',0,null,null,0,null,0,0,'0');
set @id90=@id89+1;
insert into billitem_base(`id`,`iBillId`,`iBillEntityId`,`iTplId`,`iBillTplGroupId`,`cSubId`,`cFieldName`,`cName`,`cCaption`,`cShowCaption`,`iOrder`,`iMaxLength`,`iFieldType`,`bEnum`,`cEnumString`,`isDeleted`,`bMustSelect`,`bHidden`,`cRefType`,`cRefId`,`cRefRetID`,`cDataRule`,`iFunctionType`,`bSplit`,`bExtend`,`iNumPoint`,`bCanModify`,`cSourceType`,`iMaxShowLen`,`cMemo`,`iColWidth`,`cSumType`,`iAlign`,`bNeedSum`,`bShowIt`,`bFixed`,`bFilter`,`cDefaultValue`,`cFormatData`,`cUserId`,`iTabIndex`,`bIsNull`,`bPrintCaption`,`bJointQuery`,`bPrintUpCase`,`bSelfDefine`,`cDataSourceName`,`cOrder`,`bCheck`,`cControlType`,`cEnumType`,`refReturn`,`bShowInRowAuth`,`iRowAuthBillId`,`cStyle`,`bRowAuthControlled`,`cSelfDefineType`,`bVmExclude`,`bRowAuthDim`,`tenant_id`) values (@id90,@id4,@id10,@id16,@id25,'ucf','isWfControlled','isWfControlled','是否审批流控制','是否审批流控制',0,null,1,null,null,0,1,1,null,null,null,null,null,0,0,null,0,null,null,null,1,null,null,null,0,null,null,1,null,null,null,1,null,null,null,0,'express.customer.CusQuotation',null,null,'Input',null,null,0,null,null,0,null,0,0,'0');





delete from bill_toolbar where billnumber='ucf_cus_quotation_card' and tenant_id='0' ;
delete from bill_toolbaritem where billnumber='ucf_cus_quotation_card' and tenant_id='0' ;
delete from bill_command where billnumber='ucf_cus_quotation_card' and tenant_id='0' ;

select ifnull(max(id),0)+1 into @id116 from bill_toolbar;
insert into bill_toolbar(`id`,`billnumber`,`name`,`ismain`,`parent`,`align`,`subid`,`system`,`orderNum`,`childrenField`,`tplmode`,`cStyle`,`tenant_id`) values (@id116,'ucf_cus_quotation_card','Browstoolbar_right',1,'card_toolbar','right','ucf',1,2,null,0,'{"classname":"btn-group-bottom bottom-toolbar"}','0');
set @id117=@id116+1;
insert into bill_toolbar(`id`,`billnumber`,`name`,`ismain`,`parent`,`align`,`subid`,`system`,`orderNum`,`childrenField`,`tplmode`,`cStyle`,`tenant_id`) values (@id117,'ucf_cus_quotation_card','card_child1_toolbar_edit',0,'card_body_page_child1','right','ucf',1,null,'CusQuotationMateriel',0,null,'0');
set @id118=@id117+1;
insert into bill_toolbar(`id`,`billnumber`,`name`,`ismain`,`parent`,`align`,`subid`,`system`,`orderNum`,`childrenField`,`tplmode`,`cStyle`,`tenant_id`) values (@id118,'ucf_cus_quotation_card','card_child1_data_edit',0,'card_body_page_child2_data','right','ucf',1,null,'CusQuotationMateriel',0,null,'0');

select ifnull(max(id),0)+1 into @id123 from bill_toolbaritem;
insert into bill_toolbaritem(`id`,`billnumber`,`toolbar`,`name`,`command`,`type`,`style`,`text`,`parameter`,`imgsrc`,`parent`,`order`,`subid`,`system`,`authid`,`authcontrol`,`authname`,`bMerge`,`icon`,`auth_level`,`tenant_id`) values (@id123,'ucf_cus_quotation_card','Browstoolbar_right','btnSave','cmdSave','primarybutton',1,'保存',null,null,null,0,'ucf',1,null,0,null,0,null,null,'0');
set @id124=@id123+1;
insert into bill_toolbaritem(`id`,`billnumber`,`toolbar`,`name`,`command`,`type`,`style`,`text`,`parameter`,`imgsrc`,`parent`,`order`,`subid`,`system`,`authid`,`authcontrol`,`authname`,`bMerge`,`icon`,`auth_level`,`tenant_id`) values (@id124,'ucf_cus_quotation_card','Browstoolbar_right','btnSaveAndAdd','cmdSaveAndAdd','primarybutton',1,'保存并新增',null,null,null,1,'ucf',1,null,0,null,0,null,null,'0');
set @id125=@id124+1;
insert into bill_toolbaritem(`id`,`billnumber`,`toolbar`,`name`,`command`,`type`,`style`,`text`,`parameter`,`imgsrc`,`parent`,`order`,`subid`,`system`,`authid`,`authcontrol`,`authname`,`bMerge`,`icon`,`auth_level`,`tenant_id`) values (@id125,'ucf_cus_quotation_card','Browstoolbar_right','btnAbandon','cmdAbandon','button',1,'取消',null,null,null,2,'ucf',1,null,0,null,0,null,null,'0');
set @id126=@id125+1;
insert into bill_toolbaritem(`id`,`billnumber`,`toolbar`,`name`,`command`,`type`,`style`,`text`,`parameter`,`imgsrc`,`parent`,`order`,`subid`,`system`,`authid`,`authcontrol`,`authname`,`bMerge`,`icon`,`auth_level`,`tenant_id`) values (@id126,'ucf_cus_quotation_card','card_child1_toolbar_edit','btnAddRowChild1','cmdAddRowChild1','button',0,'新增',null,null,null,1,'ucf',1,null,0,null,0,null,null,'0');
set @id127=@id126+1;
insert into bill_toolbaritem(`id`,`billnumber`,`toolbar`,`name`,`command`,`type`,`style`,`text`,`parameter`,`imgsrc`,`parent`,`order`,`subid`,`system`,`authid`,`authcontrol`,`authname`,`bMerge`,`icon`,`auth_level`,`tenant_id`) values (@id127,'ucf_cus_quotation_card','card_child1_data_edit','btnDeleteRowChild1','cmdDeleteRowChild1','button',0,'取消',null,null,null,1,'ucf',1,null,0,null,0,null,null,'0');
set @id128=@id127+1;
insert into bill_toolbaritem(`id`,`billnumber`,`toolbar`,`name`,`command`,`type`,`style`,`text`,`parameter`,`imgsrc`,`parent`,`order`,`subid`,`system`,`authid`,`authcontrol`,`authname`,`bMerge`,`icon`,`auth_level`,`tenant_id`) values (@id128,'ucf_cus_quotation_card','Browstoolbar_right','btnSubmit','cmdSubmit','primarybutton',1,'提交',null,null,null,3,'ucf',1,null,0,null,0,null,null,'0');
set @id129=@id128+1;
insert into bill_toolbaritem(`id`,`billnumber`,`toolbar`,`name`,`command`,`type`,`style`,`text`,`parameter`,`imgsrc`,`parent`,`order`,`subid`,`system`,`authid`,`authcontrol`,`authname`,`bMerge`,`icon`,`auth_level`,`tenant_id`) values (@id129,'ucf_cus_quotation_card','Browstoolbar_right','btnUnsubmit','cmdUnsubmit','primarybutton',1,'撤回',null,null,null,4,'ucf',1,null,0,null,0,null,null,'0');
set @id130=@id129+1;
insert into bill_toolbaritem(`id`,`billnumber`,`toolbar`,`name`,`command`,`type`,`style`,`text`,`parameter`,`imgsrc`,`parent`,`order`,`subid`,`system`,`authid`,`authcontrol`,`authname`,`bMerge`,`icon`,`auth_level`,`tenant_id`) values (@id130,'ucf_cus_quotation_card','Browstoolbar_right','btnWorkflow','cmdWorkflow','button',0,'审批流',null,null,null,5,'ucf',1,null,0,null,0,null,null,'0');

select ifnull(max(id),0)+1 into @id135 from bill_command;
insert into bill_command(`id`,`name`,`action`,`billnumber`,`target`,`ruleid`,`svcurl`,`httpmethod`,`subid`,`system`,`parameter`,`authid`,`tenant_id`) values (@id135,'cmdAbandon','abandon','ucf_cus_quotation_card','Browstoolbar_left',null,'/bill/abandon','GET','ucf',1,null,null,'0');
set @id136=@id135+1;
insert into bill_command(`id`,`name`,`action`,`billnumber`,`target`,`ruleid`,`svcurl`,`httpmethod`,`subid`,`system`,`parameter`,`authid`,`tenant_id`) values (@id136,'cmdSave','save','ucf_cus_quotation_card','Browstoolbar_left',null,'/bill/save','POST','ucf',1,null,null,'0');
set @id137=@id136+1;
insert into bill_command(`id`,`name`,`action`,`billnumber`,`target`,`ruleid`,`svcurl`,`httpmethod`,`subid`,`system`,`parameter`,`authid`,`tenant_id`) values (@id137,'cmdSaveAndAdd','saveandadd','ucf_cus_quotation_card','Browstoolbar_left',null,'/bill/save','POST','ucf',1,null,null,'0');
set @id138=@id137+1;
insert into bill_command(`id`,`name`,`action`,`billnumber`,`target`,`ruleid`,`svcurl`,`httpmethod`,`subid`,`system`,`parameter`,`authid`,`tenant_id`) values (@id138,'cmdAbandon','abandon','ucf_cus_quotation_card','Browstoolbar_left',null,'/bill/abandon','GET','ucf',1,null,null,'0');
set @id139=@id138+1;
insert into bill_command(`id`,`name`,`action`,`billnumber`,`target`,`ruleid`,`svcurl`,`httpmethod`,`subid`,`system`,`parameter`,`authid`,`tenant_id`) values (@id139,'cmdAddRowChild1','addRow','ucf_cus_quotation_card','card_child1_toolbar_edit',null,'/bill/addRow','GET','ucf',1,null,null,'0');
set @id140=@id139+1;
insert into bill_command(`id`,`name`,`action`,`billnumber`,`target`,`ruleid`,`svcurl`,`httpmethod`,`subid`,`system`,`parameter`,`authid`,`tenant_id`) values (@id140,'cmdDeleteRowChild1','deleteRow','ucf_cus_quotation_card','card_child1_data_edit',null,'/bill/deleteRow','GET','ucf',1,null,null,'0');
set @id141=@id140+1;
insert into bill_command(`id`,`name`,`action`,`billnumber`,`target`,`ruleid`,`svcurl`,`httpmethod`,`subid`,`system`,`parameter`,`authid`,`tenant_id`) values (@id141,'cmdSubmit','submit','ucf_cus_quotation_card','Browstoolbar_left',null,'/bill/submit','POST','ucf',1,null,null,'0');
set @id142=@id141+1;
insert into bill_command(`id`,`name`,`action`,`billnumber`,`target`,`ruleid`,`svcurl`,`httpmethod`,`subid`,`system`,`parameter`,`authid`,`tenant_id`) values (@id142,'cmdUnsubmit','unsubmit','ucf_cus_quotation_card','Browstoolbar_left',null,'/bill/unsubmit','POST','ucf',1,null,null,'0');
set @id143=@id142+1;
insert into bill_command(`id`,`name`,`action`,`billnumber`,`target`,`ruleid`,`svcurl`,`httpmethod`,`subid`,`system`,`parameter`,`authid`,`tenant_id`) values (@id143,'cmdWorkflow','workflow','ucf_cus_quotation_card','Browstoolbar_left',null,null,null,'ucf',1,'{}',null,'0');

update bill_base set `iDefTplId`=@id16 where `id`=@id4;
update pub_ref set cFilterId=@id95 where cbillnum = 'ucf_cus_quotation_card';